"Store No.","Name","Latitude","Longitude","Address","Street","City","State","Zip_Code","County","Phone","Open Hours","URL","Provider","Updated Date","Country","Status","Direction URL"
"1638","Cub - Coon Rapids","45.1823","-93.3196","2050 Northdale Blvd, Coon Rapids, MN, 55433","2050 Northdale Blvd","Coon Rapids","MN","55433","Anoka","763-767-9330","24 hours, 7 days a weekmon - fri: 9 am - 9 pmsat - sun: 9 am - 6 pm","https://www.cub.com/stores/view-store.1638.html","Cub Foods","2020-11-19","USA","Open","https://www.google.com/maps/dir/Current+Location/2050+Northdale+Blvd,+Coon+Rapids,+MN,+55433,+USA/"
"1630","Cub - Fridley","45.0702","-93.266","250 57th Ave Ne, Fridley, MN, 55432","250 57th Ave Ne","Fridley","MN","55432","Anoka","763-571-3744","24 hours, 7 days a weekmon - fri: 9 am - 9 pmsat - sun: 9 am - 6 pm","https://www.cub.com/stores/view-store.1630.html","Cub Foods","2020-11-19","USA","Open","https://www.google.com/maps/dir/Current+Location/250+57th+Ave+Ne,+Fridley,+MN,+55432,+USA/"
"1608","Cub - Blaine","45.126","-93.2572","585 Northtown Dr, Blaine, MN, 55434","585 Northtown Dr","Blaine","MN","55434","Anoka","763-780-4323","24 hours, 7 days a weekmon - fri: 9 am - 9 pmsat - sun: 9 am - 6 pm","https://www.cub.com/stores/view-store.1608.html","Cub Foods","2020-11-19","USA","Open","https://www.google.com/maps/dir/Current+Location/585+Northtown+Dr,+Blaine,+MN,+55434,+USA/"
"1652","Cub - Blaine","45.1647","-93.1609","4205 Pheasant Ridge Dr, Blaine, MN, 55449","4205 Pheasant Ridge Dr","Blaine","MN","55449","Anoka","763-784-4368","24 hours, 7 days a weekmon - fri: 9 am - 9 pmsat - sun: 9 am - 6 pm","https://www.cub.com/stores/view-store.1652.html","Cub Foods","2020-11-19","USA","Open","https://www.google.com/maps/dir/Current+Location/4205+Pheasant+Ridge+Dr,+Blaine,+MN,+55449,+USA/"
"1692","Cub Liquor - Coon Rapids","45.2064","-93.3618","12940 Riverdale Drive, Coon Rapids, MN, 55448","12940 Riverdale Drive","Coon Rapids","MN","55448","Anoka","763-576-1744","mon - sat: 8 am - 10 pmsun: 11 am - 6 pm","https://www.cub.com/stores/view-store.1692.html","Cub Foods","2020-11-19","USA","Open","https://www.google.com/maps/dir/Current+Location/12940+Riverdale+Drive,+Coon+Rapids,+MN,+55448,+USA/"
"1629","Cub - St Anthony","45.0397","-93.2207","3930 Silver Lake Rd, St Anthony, MN, 55421","3930 Silver Lake Rd","St Anthony","MN","55421","Anoka","612-789-8689","24 hours, 7 days a weekmon - fri: 9 am - 9 pmsat - sun: 9 am - 6 pm","https://www.cub.com/stores/view-store.1629.html","Cub Foods","2020-11-19","USA","Open","https://www.google.com/maps/dir/Current+Location/3930+Silver+Lake+Rd,+St+Anthony,+MN,+55421,+USA/"
"1592","Cub - Blaine","45.1682","-93.2662","10881 University Avenue Ne, Blaine, MN, 55434","10881 University Avenue Ne","Blaine","MN","55434","Anoka","763-767-8272","24 hours, 7 days a weekmon - fri: 9 am - 9 pmsat - sun: 9 am - 6 pm","https://www.cub.com/stores/view-store.1592.html","Cub Foods","2020-11-19","USA","Open","https://www.google.com/maps/dir/Current+Location/10881+University+Avenue+Ne,+Blaine,+MN,+55434,+USA/"
"1606","Cub - Mankato","44.1682","-93.9547","1800 Madison Ave, Mankato, MN, 56001","1800 Madison Ave","Mankato","MN","56001","Blue Earth","507-625-9222","6 am - midnight, 7 days a weekmon - fri: 9 am - 9 pmsat: 9 am - 6 pmsun: 10 am - 6 pm","https://www.cub.com/stores/view-store.1606.html","Cub Foods","2020-11-19","USA","Open","https://www.google.com/maps/dir/Current+Location/1800+Madison+Ave,+Mankato,+MN,+56001,+USA/"
"1653","Cub - Mankato","44.1605","-94.0163","1200 S Riverfront Dr, Mankato, MN, 56001","1200 S Riverfront Dr","Mankato","MN","56001","Blue Earth","507-387-4163","24 hours, 7 days a weekmon - fri: 9 am - 9 pmsat: 9 am - 6 pmsun: 10 am - 5 pm","https://www.cub.com/stores/view-store.1653.html","Cub Foods","2020-11-19","USA","Open","https://www.google.com/maps/dir/Current+Location/1200+S+Riverfront+Dr,+Mankato,+MN,+56001,+USA/"
"1644","Cub - Chanhassen","44.8604","-93.5388","7900 Market Blvd, Chanhassen, MN, 55317","7900 Market Blvd","Chanhassen","MN","55317","Carver","952-934-1010","24 hours, 7 days a weekmon - fri: 9 am - 9 pmsat - sun: 9 am - 6 pm","https://www.cub.com/stores/view-store.1644.html","Cub Foods","2020-11-19","USA","Open","https://www.google.com/maps/dir/Current+Location/7900+Market+Blvd,+Chanhassen,+MN,+55317,+USA/"
"1007630","Cub - Chaska","44.8301","-93.6008","200 Pioneer Trail, Chaska, MN, 55318","200 Pioneer Trail","Chaska","MN","55318","Carver","952-448-5112","5 am - midnight, 7 days a week","https://www.cub.com/stores/view-store.1007630.html","Cub Foods","2020-11-19","USA","Open","https://www.google.com/maps/dir/Current+Location/200+Pioneer+Trail,+Chaska,+MN,+55318,+USA/"
"1001045","Cub - Baxter","46.3552","-94.2448","14133 Edgewood Dr North, Baxter, MN, 56425","14133 Edgewood Dr North","Baxter","MN","56425","Crow Wing","218-828-4601","6 am - 10 pm, 7 days a week","https://www.cub.com/stores/view-store.1001045.html","Cub Foods","2020-11-19","USA","Open","https://www.google.com/maps/dir/Current+Location/14133+Edgewood+Dr+North,+Baxter,+MN,+56425,+USA/"
"1001047","Cub - Brainerd","46.3619","-94.1793","417 8th Ave Ne, Brainerd, MN, 56401","417 8th Ave Ne","Brainerd","MN","56401","Crow Wing","218-828-1816","6 am - 10 pm, 7 days a week","https://www.cub.com/stores/view-store.1001047.html","Cub Foods","2020-11-19","USA","Open","https://www.google.com/maps/dir/Current+Location/417+8th+Ave+Ne,+Brainerd,+MN,+56401,+USA/"
"1006476","Cub Liquor - St Paul","44.8847","-93.0806","2055 South Robert, West Saint Paul, MN, 55118","2055 South Robert","West Saint Paul","MN","55118","Dakota","651-457-3731","mon - sat: 8 am - 10 pmsun: 11 am - 6 pm","https://www.cub.com/stores/view-store.1006476.html","Cub Foods","2020-11-19","USA","Open","https://www.google.com/maps/dir/Current+Location/2055+South+Robert,+West+Saint+Paul,+MN,+55118,+USA/"
"1651","Cub - Rosemount","44.7302","-93.1445","3784 W 150th St, Rosemount, MN, 55068","3784 W 150th St","Rosemount","MN","55068","Dakota","651-423-0300","24 hours, 7 days a weekmon - fri: 9 am - 9 pmsat - sun: 9 am - 6 pm","https://www.cub.com/stores/view-store.1651.html","Cub Foods","2020-11-19","USA","Open","https://www.google.com/maps/dir/Current+Location/3784+W+150th+St,+Rosemount,+MN,+55068,+USA/"
"1639","Cub - Inver Grove Heights","44.8348","-93.0417","7850 Cahill Road, Inver Grove Heights, MN, 55076","7850 Cahill Road","Inver Grove Heights","MN","55076","Dakota","651-451-1579","24 hours, 7 days a weekmon - fri: 9 am - 9 pmsat - sun: 9 am - 6 pm","https://www.cub.com/stores/view-store.1639.html","Cub Foods","2020-11-19","USA","Open","https://www.google.com/maps/dir/Current+Location/7850+Cahill+Road,+Inver+Grove+Heights,+MN,+55076,+USA/"
"1584","Cub Wine & Spirits - Inver Grove Heights","44.8348","-93.0417","7804 Cahill Ave, Inver Grove Heights, MN, 55076","7804 Cahill Ave","Inver Grove Heights","MN","55076","Dakota","651-455-4271","mon - sat: 8 am - 10 pmsun: 11 am - 6 pm","https://www.cub.com/stores/view-store.1584.html","Cub Foods","2020-11-19","USA","Open","https://www.google.com/maps/dir/Current+Location/7804+Cahill+Ave,+Inver+Grove+Heights,+MN,+55076,+USA/"
"1597","Cub - Lakeville","44.6921","-93.2832","17756 Kenwood Trail, Lakeville, MN, 55044","17756 Kenwood Trail","Lakeville","MN","55044","Dakota","952-898-4500","24 hours, 7 days a weekmon - fri: 9 am - 9 pmsat - sun: 9 am - 6 pm","https://www.cub.com/stores/view-store.1597.html","Cub Foods","2020-11-19","USA","Open","https://www.google.com/maps/dir/Current+Location/17756+Kenwood+Trail,+Lakeville,+MN,+55044,+USA/"
"1635","Cub - Hastings","44.7373","-92.8913","1729 Market Blvd, Hastings, MN, 55033","1729 Market Blvd","Hastings","MN","55033","Dakota","651-438-1481","24 hours, 7 days a weekmon - fri: 9 am - 9 pmsat - sun: 9 am - 6 pm","https://www.cub.com/stores/view-store.1635.html","Cub Foods","2020-11-19","USA","Open","https://www.google.com/maps/dir/Current+Location/1729+Market+Blvd,+Hastings,+MN,+55033,+USA/"
"1686","Cub Liquor - Rosemount","44.7315","-93.1419","3792 150th Street W, Rosemount, MN, 55068","3792 150th Street W","Rosemount","MN","55068","Dakota","651-423-0271","mon - sat: 8 am - 10 pmsun: 11 am - 6 pm","https://www.cub.com/stores/view-store.1686.html","Cub Foods","2020-11-19","USA","Open","https://www.google.com/maps/dir/Current+Location/3792+150th+Street+W,+Rosemount,+MN,+55068,+USA/"
"1656","Cub - Lakeville","44.6932","-93.2147","7435 W 179th St, Lakeville, MN, 55044","7435 W 179th St","Lakeville","MN","55044","Dakota","952-891-1700","24 hours, 7 days a weekmon - fri: 9 am - 9 pmsat - sun: 9 am - 6 pm","https://www.cub.com/stores/view-store.1656.html","Cub Foods","2020-11-19","USA","Open","https://www.google.com/maps/dir/Current+Location/7435+W+179th+St,+Lakeville,+MN,+55044,+USA/"
"1604","Cub - Apple Valley","44.7269","-93.2165","15350 Cedar Ave, Apple Valley, MN, 55124","15350 Cedar Ave","Apple Valley","MN","55124","Dakota","952-432-6300","24 hours, 7 days a weekmon - fri: 9 am - 9 pmsat - sun: 9 am - 6 pm","https://www.cub.com/stores/view-store.1604.html","Cub Foods","2020-11-19","USA","Open","https://www.google.com/maps/dir/Current+Location/15350+Cedar+Ave,+Apple+Valley,+MN,+55124,+USA/"
"1695","Cub - Eagan","44.8317","-93.1613","1276 Town Centre Dr, Eagan, MN, 55123","1276 Town Centre Dr","Eagan","MN","55123","Dakota","651-452-9506","24 hours, 7 days a weekmon - fri: 9 am - 9 pmsat - sun: 9 am - 6 pm","https://www.cub.com/stores/view-store.1695.html","Cub Foods","2020-11-19","USA","Open","https://www.google.com/maps/dir/Current+Location/1276+Town+Centre+Dr,+Eagan,+MN,+55123,+USA/"
"1667","Cub Liquor - Hastings","44.7373","-92.8913","1729 Market Blvd, Hastings, MN, 55033","1729 Market Blvd","Hastings","MN","55033","Dakota","651-438-3526","mon - sat: 8 am - 10 pmsun: 11 am - 6 pm","https://www.cub.com/stores/view-store.1667.html","Cub Foods","2020-11-19","USA","Open","https://www.google.com/maps/dir/Current+Location/1729+Market+Blvd,+Hastings,+MN,+55033,+USA/"
"1658","Cub - Burnsville","44.7764","-93.2757","300 E Travelers Trail, Burnsville, MN, 55337","300 E Travelers Trail","Burnsville","MN","55337","Dakota","952-894-9040","24 hours, 7 days a weekmon - fri: 9 am - 9 pmsat - sun: 9 am - 6 pm","https://www.cub.com/stores/view-store.1658.html","Cub Foods","2020-11-19","USA","Open","https://www.google.com/maps/dir/Current+Location/300+E+Travelers+Trail,+Burnsville,+MN,+55337,+USA/"
"1001041","Cub - St Paul","44.8855","-93.0827","2001 S Robert St, West St Paul, MN, 55118","2001 S Robert St","West St Paul","MN","55118","Dakota","651-451-2877","24 hours, 7 days a week","https://www.cub.com/stores/view-store.1001041.html","Cub Foods","2020-11-19","USA","Open","https://www.google.com/maps/dir/Current+Location/2001+S+Robert+St,+West+St+Paul,+MN,+55118,+USA/"
"4974","Cub - Eagan","44.8038","-93.1411","1020 Diffley Road, Eagan, MN, 55123","1020 Diffley Road","Eagan","MN","55123","Dakota","651-452-1811","6 am - midnight, 7 days a weekmon - fri: 9 am - 9 pmsat - sun: 9 am - 6 pm","https://www.cub.com/stores/view-store.4974.html","Cub Foods","2020-11-19","USA","Open","https://www.google.com/maps/dir/Current+Location/1020+Diffley+Road,+Eagan,+MN,+55123,+USA/"
"1680","Cub Liquor - Eagan","44.8045","-93.1417","1016 Diffley Road, Eagan, MN, 55123","1016 Diffley Road","Eagan","MN","55123","Dakota","651-454-1562","mon - sat: 8 am - 10 pmsun: 11 am - 6 pm","https://www.cub.com/stores/view-store.1680.html","Cub Foods","2020-11-19","USA","Open","https://www.google.com/maps/dir/Current+Location/1016+Diffley+Road,+Eagan,+MN,+55123,+USA/"
"1691","Cub Liquor - Burnsville","44.7466","-93.2991","1750 W County Road 42, Burnsville, MN, 55337","1750 W County Road 42","Burnsville","MN","55337","Dakota","","mon - sat: 8 am - 10 pmsun: 11 am - 6 pm","https://www.cub.com/stores/view-store.1691.html","Cub Foods","2020-11-19","USA","Open","https://www.google.com/maps/dir/Current+Location/1750+W+County+Road+42,+Burnsville,+MN,+55337,+USA/"
"1657","Cub - Lakeville","44.6593","-93.2519","20250 Heritage Drive, Lakeville, MN, 55044","20250 Heritage Drive","Lakeville","MN","55044","Dakota","952-469-8400","24 hours, 7 days a weekmon - fri: 9 am - 9 pmsat - sun: 9 am - 6 pm","https://www.cub.com/stores/view-store.1657.html","Cub Foods","2020-11-19","USA","Open","https://www.google.com/maps/dir/Current+Location/20250+Heritage+Drive,+Lakeville,+MN,+55044,+USA/"
"1616","Cub - Eagan","44.792","-93.2057","1940 Cliff Lake Rd, Eagan, MN, 55122","1940 Cliff Lake Rd","Eagan","MN","55122","Dakota","651-454-4606","24 hours, 7 days a weekmon - fri: 9 am - 9 pmsat - sun: 9 am - 6 pm","https://www.cub.com/stores/view-store.1616.html","Cub Foods","2020-11-19","USA","Open","https://www.google.com/maps/dir/Current+Location/1940+Cliff+Lake+Rd,+Eagan,+MN,+55122,+USA/"
"1631","Cub - Burnsville","44.7481","-93.3005","1750 County Rd 42 West, Burnsville, MN, 55337","1750 County Rd 42 West","Burnsville","MN","55337","Dakota","952-435-8300","24 hours, 7 days a weekmon - fri: 9 am - 9 pmsat - sun: 9 am - 6 pm","https://www.cub.com/stores/view-store.1631.html","Cub Foods","2020-11-19","USA","Open","https://www.google.com/maps/dir/Current+Location/1750+County+Rd+42+West,+Burnsville,+MN,+55337,+USA/"
"1155110","Cub - Alexandria","45.8648","-95.3789","2612 South Broadway, Alexandria, MN, 56308","2612 South Broadway","Alexandria","MN","56308","Douglas","320-762-1158","5 am - midnight, 7 days a week","https://www.cub.com/stores/view-store.1155110.html","Cub Foods","2020-11-19","USA","Open","https://www.google.com/maps/dir/Current+Location/2612+South+Broadway,+Alexandria,+MN,+56308,+USA/"
"1155702","Cub - Edina","44.8818","-93.3199","6775 York Avenue South, Edina, MN, 55435","6775 York Avenue South","Edina","MN","55435","Hennepin","952-929-9330","24 hours, 7 days a week","https://www.cub.com/stores/view-store.1155702.html","Cub Foods","2020-11-19","USA","Open","https://www.google.com/maps/dir/Current+Location/6775+York+Avenue+South,+Edina,+MN,+55435,+USA/"
"1654","Cub - Brooklyn Park","45.1321","-93.3596","9655 Colorado Lane North, Brooklyn Park, MN, 55445","9655 Colorado Lane North","Brooklyn Park","MN","55445","Hennepin","763-315-6767","24 hours, 7 days a weekmon - fri: 9 am - 9 pmsat - sun: 9 am - 6 pm","https://www.cub.com/stores/view-store.1654.html","Cub Foods","2020-11-19","USA","Open","https://www.google.com/maps/dir/Current+Location/9655+Colorado+Lane+North,+Brooklyn+Park,+MN,+55445,+USA/"
"1596","Cub Liquor - St Louis Park","44.9679","-93.3477","5370 W 16th St, St Louis Park, MN, 55416","5370 W 16th St","St Louis Park","MN","55416","Hennepin","952-544-0740","mon - sat: 8 am - 10 pmsun: 11 am - 6 pm","https://www.cub.com/stores/view-store.1596.html","Cub Foods","2020-11-19","USA","Open","https://www.google.com/maps/dir/Current+Location/5370+W+16th+St,+St+Louis+Park,+MN,+55416,+USA/"
"1001034","Cub - Bloomington","44.813","-93.3296","10520 France Avenue South, Bloomington, MN, 55431","10520 France Avenue South","Bloomington","MN","55431","Hennepin","952-884-8288","24 hours, 7 days a week","https://www.cub.com/stores/view-store.1001034.html","Cub Foods","2020-11-19","USA","Open","https://www.google.com/maps/dir/Current+Location/10520+France+Avenue+South,+Bloomington,+MN,+55431,+USA/"
"1155705","Cub - Minneapolis","44.8952","-93.2772","5937 Nicollet Avenue South, Minneapolis, MN, 55419","5937 Nicollet Avenue South","Minneapolis","MN","55419","Hennepin","612-866-7471","24 hours, 7 days a week","https://www.cub.com/stores/view-store.1155705.html","Cub Foods","2020-11-19","USA","Open","https://www.google.com/maps/dir/Current+Location/5937+Nicollet+Avenue+South,+Minneapolis,+MN,+55419,+USA/"
"1650","Cub - Plymouth","45.0212","-93.4793","3550 Vicksburg Ln North, Plymouth, MN, 55447","3550 Vicksburg Ln North","Plymouth","MN","55447","Hennepin","763-559-2110","24 hours, 7 days a weekmon - fri: 9 am - 9 pmsat - sun: 9 am - 6 pm","https://www.cub.com/stores/view-store.1650.html","Cub Foods","2020-11-19","USA","Open","https://www.google.com/maps/dir/Current+Location/3550+Vicksburg+Ln+North,+Plymouth,+MN,+55447,+USA/"
"1636","Cub - Shorewood","44.893","-93.5813","23800 State Hwy 7, Shorewood, MN, 55331","23800 State Hwy 7","Shorewood","MN","55331","Hennepin","952-380-9900","24 hours, 7 days a weekmon - fri: 9 am - 9 pmsat - sun: 9 am - 6 pm","https://www.cub.com/stores/view-store.1636.html","Cub Foods","2020-11-19","USA","Open","https://www.google.com/maps/dir/Current+Location/23800+State+Hwy+7,+Shorewood,+MN,+55331,+USA/"
"1001036","Cub - Eden Prairie","44.8591","-93.4216","8015 Den Road, Eden Prairie, MN, 55344","8015 Den Road","Eden Prairie","MN","55344","Hennepin","952-941-9050","24 hours, 7 days a week","https://www.cub.com/stores/view-store.1001036.html","Cub Foods","2020-11-19","USA","Open","https://www.google.com/maps/dir/Current+Location/8015+Den+Road,+Eden+Prairie,+MN,+55344,+USA/"
"1001038","Cub - Minnetonka","44.9145","-93.5027","4801 Highway 101, Minnetonka, MN, 55345","4801 Highway 101","Minnetonka","MN","55345","Hennepin","952-938-1404","5 am - 11 pm, 7 days a week","https://www.cub.com/stores/view-store.1001038.html","Cub Foods","2020-11-19","USA","Open","https://www.google.com/maps/dir/Current+Location/4801+Highway+101,+Minnetonka,+MN,+55345,+USA/"
"1601","Cub - Crystal","45.0194","-93.3458","5301 36th Ave N, Crystal, MN, 55422","5301 36th Ave N","Crystal","MN","55422","Hennepin","763-287-9996","24 hours, 7 days a weekmon - fri: 9 am - 9 pmsat - sun: 9 am - 6 pm","https://www.cub.com/stores/view-store.1601.html","Cub Foods","2020-11-19","USA","Open","https://www.google.com/maps/dir/Current+Location/5301+36th+Ave+N,+Crystal,+MN,+55422,+USA/"
"1693","Cub - Minneapolis","44.9497","-93.2938","1104 Lagoon Ave, Minneapolis, MN, 55408","1104 Lagoon Ave","Minneapolis","MN","55408","Hennepin","612-823-1563","24 hours, 7 days a weekmon - fri: 9 am - 9 pmsat - sun: 9 am - 6 pm","https://www.cub.com/stores/view-store.1693.html","Cub Foods","2020-11-19","USA","Open","https://www.google.com/maps/dir/Current+Location/1104+Lagoon+Ave,+Minneapolis,+MN,+55408,+USA/"
"1155902","Cub - St Louis Park","44.9376","-93.3831","3620 Texas Avenue South, St Louis Park, MN, 55426","3620 Texas Avenue South","St Louis Park","MN","55426","Hennepin","952-938-5959","24 hours, 7 days a week","https://www.cub.com/stores/view-store.1155902.html","Cub Foods","2020-11-19","USA","Open","https://www.google.com/maps/dir/Current+Location/3620+Texas+Avenue+South,+St+Louis+Park,+MN,+55426,+USA/"
"1595","Cub - St Louis Park","44.9679","-93.3477","5370 W 16th St, St Louis Park, MN, 55416","5370 W 16th St","St Louis Park","MN","55416","Hennepin","952-546-1665","24 hours, 7 days a weekmon - fri: 9 am - 9 pmsat - sun: 9 am - 6 pm","https://www.cub.com/stores/view-store.1595.html","Cub Foods","2020-11-19","USA","Open","https://www.google.com/maps/dir/Current+Location/5370+W+16th+St,+St+Louis+Park,+MN,+55416,+USA/"
"1633","Cub - Plymouth","45.0342","-93.4101","4445 Nathan Ln, Plymouth, MN, 55442","4445 Nathan Ln","Plymouth","MN","55442","Hennepin","763-553-0611","24 hours, 7 days a weekmon - fri: 9 am - 9 pmsat - sun: 9 am - 6 pm","https://www.cub.com/stores/view-store.1633.html","Cub Foods","2020-11-19","USA","Open","https://www.google.com/maps/dir/Current+Location/4445+Nathan+Ln,+Plymouth,+MN,+55442,+USA/"
"1155373","Cub - Minneapolis","45.0051","-93.2324","1540 New Brighton Blvd, Minneapolis, MN, 55413","1540 New Brighton Blvd","Minneapolis","MN","55413","Hennepin","612-788-6003","24 hours, 7 days a week","https://www.cub.com/stores/view-store.1155373.html","Cub Foods","2020-11-19","USA","Open","https://www.google.com/maps/dir/Current+Location/1540+New+Brighton+Blvd,+Minneapolis,+MN,+55413,+USA/"
"1643","Cub - Champlin","45.1608","-93.3906","8600 N 114th Ave, Champlin, MN, 55316","8600 N 114th Ave","Champlin","MN","55316","Hennepin","763-427-2714","24 hours, 7 days a weekmon - fri: 9 am - 9 pmsat - sun: 9 am - 6 pm","https://www.cub.com/stores/view-store.1643.html","Cub Foods","2020-11-19","USA","Open","https://www.google.com/maps/dir/Current+Location/8600+N+114th+Ave,+Champlin,+MN,+55316,+USA/"
"1565","Cub Liquor - Champlin","45.1608","-93.3898","11420 Market Place Drive, Champlin, MN, 55316","11420 Market Place Drive","Champlin","MN","55316","Hennepin","763-323-7204","mon - sat: 8 am - 10 pmsun: 11 am - 6 pm","https://www.cub.com/stores/view-store.1565.html","Cub Foods","2020-11-19","USA","Open","https://www.google.com/maps/dir/Current+Location/11420+Market+Place+Drive,+Champlin,+MN,+55316,+USA/"
"1001037","Cub - Minneapolis","44.9515","-93.2361","2850 26th Ave South, Minneapolis, MN, 55406","2850 26th Ave South","Minneapolis","MN","55406","Hennepin","","8 am - 8 pm, 7 days a week","https://www.cub.com/stores/view-store.1001037.html","Cub Foods","2020-11-19","USA","Open","https://www.google.com/maps/dir/Current+Location/2850+26th+Ave+South,+Minneapolis,+MN,+55406,+USA/"
"1666","Cub Liquor - Plymouth","45.0342","-93.4101","4445 Nathan Lane, Plymouth, MN, 55442","4445 Nathan Lane","Plymouth","MN","55442","Hennepin","763-559-9419","mon - sat: 8 am - 10 pmsun: 11 am - 6 pm","https://www.cub.com/stores/view-store.1666.html","Cub Foods","2020-11-19","USA","Open","https://www.google.com/maps/dir/Current+Location/4445+Nathan+Lane,+Plymouth,+MN,+55442,+USA/"
"1005222","Cub Liquor - Bloomington","44.8135","-93.3296","10522 France Ave, Bloomington, MN, 55431","10522 France Ave","Bloomington","MN","55431","Hennepin","952-746-1717","mon - sat: 8 am - 10 pmsun: 11 am - 6 pm","https://www.cub.com/stores/view-store.1005222.html","Cub Foods","2020-11-19","USA","Open","https://www.google.com/maps/dir/Current+Location/10522+France+Ave,+Bloomington,+MN,+55431,+USA/"
"1662","Cub Liquor - Brooklyn Park","45.0926","-93.379","7555 West Broadway, Brooklyn Park, MN, 55428","7555 West Broadway","Brooklyn Park","MN","55428","Hennepin","763-425-7051","mon - sat: 8 am - 10 pmsun: 11 am - 6 pm","https://www.cub.com/stores/view-store.1662.html","Cub Foods","2020-11-19","USA","Open","https://www.google.com/maps/dir/Current+Location/7555+West+Broadway,+Brooklyn+Park,+MN,+55428,+USA/"
"1671","Cub Liquor - Crystal","45.0204","-93.3457","5301 36th Avenue North, Crystal, MN, 55422","5301 36th Avenue North","Crystal","MN","55422","Hennepin","763-588-7940","mon - sat: 8 am - 10 pmsun: 11 am - 6 pm","https://www.cub.com/stores/view-store.1671.html","Cub Foods","2020-11-19","USA","Open","https://www.google.com/maps/dir/Current+Location/5301+36th+Avenue+North,+Crystal,+MN,+55422,+USA/"
"1155501","Cub - Rogers","45.2063","-93.5503","13855 Rogers Drive, Rogers, MN, 55374","13855 Rogers Drive","Rogers","MN","55374","Hennepin","763-428-6464","5 am - midnight, 7 days a week","https://www.cub.com/stores/view-store.1155501.html","Cub Foods","2020-11-19","USA","Open","https://www.google.com/maps/dir/Current+Location/13855+Rogers+Drive,+Rogers,+MN,+55374,+USA/"
"1155102","Cub - Brooklyn Center","45.0589","-93.3236","3245 County Road 10, Brooklyn Center, MN, 55430","3245 County Road 10","Brooklyn Center","MN","55430","Hennepin","763-560-0158","5 am - midnight, 7 days a week","https://www.cub.com/stores/view-store.1155102.html","Cub Foods","2020-11-19","USA","Open","https://www.google.com/maps/dir/Current+Location/3245+County+Road+10,+Brooklyn+Center,+MN,+55430,+USA/"
"1155371","Cub - Minneapolis","44.9985","-93.289","701 West Broadway Avenue, Minneapolis, MN, 55411","701 West Broadway Avenue","Minneapolis","MN","55411","Hennepin","612-746-1700","6 am - 10 pm, 7 days a week","https://www.cub.com/stores/view-store.1155371.html","Cub Foods","2020-11-19","USA","Open","https://www.google.com/maps/dir/Current+Location/701+West+Broadway+Avenue,+Minneapolis,+MN,+55411,+USA/"
"1665","Cub Liquor - Bloomington","44.8514","-93.2861","8421 Lyndale Ave, Bloomington, MN, 55420","8421 Lyndale Ave","Bloomington","MN","55420","Hennepin","952-888-2045","mon - sat: 8 am - 10 pmsun: 11 am - 6 pm","https://www.cub.com/stores/view-store.1665.html","Cub Foods","2020-11-19","USA","Open","https://www.google.com/maps/dir/Current+Location/8421+Lyndale+Ave,+Bloomington,+MN,+55420,+USA/"
"1609","Cub - Brooklyn Park","45.0926","-93.379","7555 W Broadway, Brooklyn Park, MN, 55428","7555 W Broadway","Brooklyn Park","MN","55428","Hennepin","763-424-2510","24 hours, 7 days a weekmon - fri: 9 am - 9 pmsat - sun: 9 am - 6 pm","https://www.cub.com/stores/view-store.1609.html","Cub Foods","2020-11-19","USA","Open","https://www.google.com/maps/dir/Current+Location/7555+W+Broadway,+Brooklyn+Park,+MN,+55428,+USA/"
"1600","Cub - Maple Grove","45.1026","-93.4481","8150 Wedgewood Ln, Maple Grove, MN, 55369","8150 Wedgewood Ln","Maple Grove","MN","55369","Hennepin","763-494-8364","24 hours, 7 days a week24 hours, 7 days a week","https://www.cub.com/stores/view-store.1600.html","Cub Foods","2020-11-19","USA","Open","https://www.google.com/maps/dir/Current+Location/8150+Wedgewood+Ln,+Maple+Grove,+MN,+55369,+USA/"
"1645","Cub - Cambridge","45.5735","-93.2025","100 Opportunity Blvd North East, Cambridge, MN, 55008","100 Opportunity Blvd North East","Cambridge","MN","55008","Isanti","763-689-1112","24 hours, 7 days a weekmon - fri: 9 am - 9 pmsat - sun: 9 am - 6 pm","https://www.cub.com/stores/view-store.1645.html","Cub Foods","2020-11-19","USA","Open","https://www.google.com/maps/dir/Current+Location/100+Opportunity+Blvd+North+East,+Cambridge,+MN,+55008,+USA/"
"1602","Cub - Rochester","44.0092","-92.4442","1021 15th Ave Se, Rochester, MN, 55904","1021 15th Ave Se","Rochester","MN","55904","Olmsted","507-281-4554","24 hours, 7 days a weekmon - fri: 9 am - 9 pmsat: 9 am - 6 pmsun: 10 am - 5 pm","https://www.cub.com/stores/view-store.1602.html","Cub Foods","2020-11-19","USA","Open","https://www.google.com/maps/dir/Current+Location/1021+15th+Ave+Se,+Rochester,+MN,+55904,+USA/"
"1591","Cub - White Bear Lake","45.0389","-93.0198","1920 Buerkle Road, White Bear Lake, MN, 55110","1920 Buerkle Road","White Bear Lake","MN","55110","Ramsey","651-777-7899","24 hours, 7 days a weekmon - fri: 9 am - 9 pmsat - sun: 9 am - 6 pm","https://www.cub.com/stores/view-store.1591.html","Cub Foods","2020-11-19","USA","Open","https://www.google.com/maps/dir/Current+Location/1920+Buerkle+Road,+White+Bear+Lake,+MN,+55110,+USA/"
"1614","Cub - St Paul","44.9534","-93.1596","1440 University Ave W, St Paul, MN, 55104","1440 University Ave W","St Paul","MN","55104","Ramsey","651-646-1003","24 hours, 7 days a week24 hours, 7 days a week","https://www.cub.com/stores/view-store.1614.html","Cub Foods","2020-11-19","USA","Open","https://www.google.com/maps/dir/Current+Location/1440+University+Ave+W,+St+Paul,+MN,+55104,+USA/"
"1007635","Cub Liquor - Roseville","44.9933","-93.1505","1201 Larpenteur Ave W, Roseville, MN, 55113","1201 Larpenteur Ave W","Roseville","MN","55113","Ramsey","651-489-5050","mon - sat: 8 am - 10 pmsun: 11 am - 6 pm","https://www.cub.com/stores/view-store.1007635.html","Cub Foods","2020-11-19","USA","Open","https://www.google.com/maps/dir/Current+Location/1201+Larpenteur+Ave+W,+Roseville,+MN,+55113,+USA/"
"1007430","Cub Liquor - St Paul","44.9511","-93.0083","2215 Old Hudson Rd, St Paul, MN, 55119","2215 Old Hudson Rd","St Paul","MN","55119","Ramsey","651-731-1668","mon - sat: 8 am - 10 pmsun: 11 am - 6 pm","https://www.cub.com/stores/view-store.1007430.html","Cub Foods","2020-11-19","USA","Open","https://www.google.com/maps/dir/Current+Location/2215+Old+Hudson+Rd,+St+Paul,+MN,+55119,+USA/"
"1155493","Cub - Roseville","44.9933","-93.1505","1201 Larpenteur Ave W, Roseville, MN, 55113","1201 Larpenteur Ave W","Roseville","MN","55113","Ramsey","651-488-1825","5 am - midnight, 7 days a week","https://www.cub.com/stores/view-store.1155493.html","Cub Foods","2020-11-19","USA","Open","https://www.google.com/maps/dir/Current+Location/1201+Larpenteur+Ave+W,+Roseville,+MN,+55113,+USA/"
"1590","Cub Liquor - White Bear Lake","45.0391","-93.0175","1910 Buerkle Road, White Bear Lake, MN, 55110","1910 Buerkle Road","White Bear Lake","MN","55110","Ramsey","651-777-6909","mon - sat: 8 am - 10 pmsun: 11 am - 6 pm","https://www.cub.com/stores/view-store.1590.html","Cub Foods","2020-11-19","USA","Open","https://www.google.com/maps/dir/Current+Location/1910+Buerkle+Road,+White+Bear+Lake,+MN,+55110,+USA/"
"1668","Cub Liquor - Arden Hills","45.0535","-93.1476","3717 Lexington Avenue North, Arden Hills, MN, 55126","3717 Lexington Avenue North","Arden Hills","MN","55126","Ramsey","651-766-5285","mon - sat: 8 am - 10 pmsun: 11 am - 6 pm","https://www.cub.com/stores/view-store.1668.html","Cub Foods","2020-11-19","USA","Open","https://www.google.com/maps/dir/Current+Location/3717+Lexington+Avenue+North,+Arden+Hills,+MN,+55126,+USA/"
"1611","Cub - Maplewood","45.0057","-93.1037","100 W County Rd B, Maplewood, MN, 55117","100 W County Rd B","Maplewood","MN","55117","Ramsey","651-489-8217","24 hours, 7 days a weekmon - fri: 9 am - 9 pmsat - sun: 9 am - 6 pm","https://www.cub.com/stores/view-store.1611.html","Cub Foods","2020-11-19","USA","Open","https://www.google.com/maps/dir/Current+Location/100+W+County+Rd+B,+Maplewood,+MN,+55117,+USA/"
"1001042","Cub - White Bear Township","45.08","-93.0565","1059 Meadowland Drive, White Bear Township, MN, 55127","1059 Meadowland Drive","White Bear Township","MN","55127","Ramsey","651-426-6534","6 am - midnight, 7 days a week","https://www.cub.com/stores/view-store.1001042.html","Cub Foods","2020-11-19","USA","Open","https://www.google.com/maps/dir/Current+Location/1059+Meadowland+Drive,+White+Bear+Township,+MN,+55127,+USA/"
"1155495","Cub - Roseville","45.0047","-93.1644","2100 Snelling Ave North, Roseville, MN, 55113","2100 Snelling Ave North","Roseville","MN","55113","Ramsey","651-633-9740","5 am - midnight, 7 days a week","https://www.cub.com/stores/view-store.1155495.html","Cub Foods","2020-11-19","USA","Open","https://www.google.com/maps/dir/Current+Location/2100+Snelling+Ave+North,+Roseville,+MN,+55113,+USA/"
"1599","Cub - Maplewood","45.0131","-93.0182","2390 White Bear Avenue, Maplewood, MN, 55109","2390 White Bear Avenue","Maplewood","MN","55109","Ramsey","651-773-8558","24 hours, 7 days a weekmon - fri: 9 am - 9 pmsat - sun: 9 am - 6 pm","https://www.cub.com/stores/view-store.1599.html","Cub Foods","2020-11-19","USA","Open","https://www.google.com/maps/dir/Current+Location/2390+White+Bear+Avenue,+Maplewood,+MN,+55109,+USA/"
"1155585","Cub - St Paul","44.952","-93.0065","2197 Old Hudson Road, St Paul, MN, 55119","2197 Old Hudson Road","St Paul","MN","55119","Ramsey","651-379-1440","24 hours, 7 days a week","https://www.cub.com/stores/view-store.1155585.html","Cub Foods","2020-11-19","USA","Open","https://www.google.com/maps/dir/Current+Location/2197+Old+Hudson+Road,+St+Paul,+MN,+55119,+USA/"
"1007547","Cub Liquor - White Bear Township","45.0813","-93.0577","1059 Meadow Land Drive, White Bear Township, MN, 55127","1059 Meadow Land Drive","White Bear Township","MN","55127","Ramsey","651-426-2968","mon - sat: 9 am - 10 pmsun: 11 am - 6 pm","https://www.cub.com/stores/view-store.1007547.html","Cub Foods","2020-11-19","USA","Open","https://www.google.com/maps/dir/Current+Location/1059+Meadow+Land+Drive,+White+Bear+Township,+MN,+55127,+USA/"
"1649","Cub - New Brighton","45.083","-93.22","2600 Rice Creek Rd, New Brighton, MN, 55112","2600 Rice Creek Rd","New Brighton","MN","55112","Ramsey","651-636-2277","24 hours, 7 days a weekmon - fri: 9 am - 9 pmsat - sun: 9 am - 6 pm","https://www.cub.com/stores/view-store.1649.html","Cub Foods","2020-11-19","USA","Open","https://www.google.com/maps/dir/Current+Location/2600+Rice+Creek+Rd,+New+Brighton,+MN,+55112,+USA/"
"1663","Cub Liquor - Maplewood","45.0057","-93.1037","100 West County Road B, Maplewood, MN, 55117","100 West County Road B","Maplewood","MN","55117","Ramsey","651-489-1275","mon - sat: 8 am - 10 pmsun: 11 am - 6 pm","https://www.cub.com/stores/view-store.1663.html","Cub Foods","2020-11-19","USA","Open","https://www.google.com/maps/dir/Current+Location/100+West+County+Road+B,+Maplewood,+MN,+55117,+USA/"
"4973","Cub - St Paul","44.9766","-93.0442","1177 Clarence St, St Paul, MN, 55106","1177 Clarence St","St Paul","MN","55106","Ramsey","651-774-7148","24 hours, 7 days a weekmon - fri: 9 am - 9 pmsat - sun: 9 am - 6 pm","https://www.cub.com/stores/view-store.4973.html","Cub Foods","2020-11-19","USA","Open","https://www.google.com/maps/dir/Current+Location/1177+Clarence+St,+St+Paul,+MN,+55106,+USA/"
"1641","Cub - Arden Hills","45.0535","-93.1476","3717 Lexington Ave N, Arden Hills, MN, 55126","3717 Lexington Ave N","Arden Hills","MN","55126","Ramsey","651-486-7933","24 hours, 7 days a weekmon - fri: 9 am - 9 pmsat - sun: 9 am - 6 pm","https://www.cub.com/stores/view-store.1641.html","Cub Foods","2020-11-19","USA","Open","https://www.google.com/maps/dir/Current+Location/3717+Lexington+Ave+N,+Arden+Hills,+MN,+55126,+USA/"
"1637","Cub - Northfield","44.4497","-93.1701","2423 Highway 3 South, Northfield, MN, 55057","2423 Highway 3 South","Northfield","MN","55057","Rice","507-645-6887","24 hours, 7 days a weekmon - fri: 8 am - 8 pmsat: 9 am - 6 pmsun: 10 am - 5 pm","https://www.cub.com/stores/view-store.1637.html","Cub Foods","2020-11-19","USA","Open","https://www.google.com/maps/dir/Current+Location/2423+Highway+3+South,+Northfield,+MN,+55057,+USA/"
"6691","Cub Liquor - Shakopee","44.782","-93.5086","1262 Vierling Drive, Shakopee, MN, 55379","1262 Vierling Drive","Shakopee","MN","55379","Scott","952-403-9463","mon - sat: 9 am - 10 pmsun: 11 am - 6 pm","https://www.cub.com/stores/view-store.6691.html","Cub Foods","2020-11-19","USA","Open","https://www.google.com/maps/dir/Current+Location/1262+Vierling+Drive,+Shakopee,+MN,+55379,+USA/"
"1640","Cub - Savage","44.7483","-93.3777","14075 Hwy 13, Savage, MN, 55378","14075 Hwy 13","Savage","MN","55378","Scott","952-447-1555","24 hours, 7 days a weekmon - fri: 9 am - 9 pmsat - sun: 9 am - 6 pm","https://www.cub.com/stores/view-store.1640.html","Cub Foods","2020-11-19","USA","Open","https://www.google.com/maps/dir/Current+Location/14075+Hwy+13,+Savage,+MN,+55378,+USA/"
"6689","Cub - Shakopee","44.7799","-93.5096","1198 Vierling Drive East, Shakopee, MN, 55379","1198 Vierling Drive East","Shakopee","MN","55379","Scott","952-403-1620","24 hours, 7 days a week","https://www.cub.com/stores/view-store.6689.html","Cub Foods","2020-11-19","USA","Open","https://www.google.com/maps/dir/Current+Location/1198+Vierling+Drive+East,+Shakopee,+MN,+55379,+USA/"
"1001043","Cub - Elk River","45.3157","-93.5614","19216 Freeport Avenue, Elk River, MN, 55330","19216 Freeport Avenue","Elk River","MN","55330","Sherburne","763-241-1124","5 am - midnight, 7 days a week","https://www.cub.com/stores/view-store.1001043.html","Cub Foods","2020-11-19","USA","Open","https://www.google.com/maps/dir/Current+Location/19216+Freeport+Avenue,+Elk+River,+MN,+55330,+USA/"
"1603","Cub - Duluth","46.8032","-92.147","615 W Central Entrance, Duluth, MN, 55811","615 W Central Entrance","Duluth","MN","55811","St. Louis","218-727-0272","24 hours, 7 days a weekmon - fri: 8 am - 8 pmsat: 8 am - 5 pmsun: 10 am - 3 pm","https://www.cub.com/stores/view-store.1603.html","Cub Foods","2020-11-19","USA","Open","https://www.google.com/maps/dir/Current+Location/615+W+Central+Entrance,+Duluth,+MN,+55811,+USA/"
"1625","Cub - Freeport","42.2831","-89.6328","1512 S West Avenue, Freeport, IL, 61032","1512 S West Avenue","Freeport","IL","61032","Stephenson","815-233-1100","24 hours, 7 days a weekmon - fri: 9 am - 9 pmsat: 9 am - 6 pmsun: 10 am - 6 pm","https://www.cub.com/stores/view-store.1625.html","Cub Foods","2020-11-19","USA","Open","https://www.google.com/maps/dir/Current+Location/1512+S+West+Avenue,+Freeport,+IL,+61032,+USA/"
"1155903","Cub - Woodbury","44.9444","-92.9375","8432 Tamarack Village, Woodbury, MN, 55125","8432 Tamarack Village","Woodbury","MN","55125","Washington","651-730-8148","6 am - 10 pm, 7 days a week","https://www.cub.com/stores/view-store.1155903.html","Cub Foods","2020-11-19","USA","Open","https://www.google.com/maps/dir/Current+Location/8432+Tamarack+Village,+Woodbury,+MN,+55125,+USA/"
"1589","Cub - Oakdale","44.9616","-92.9607","7191 10th Street North, Oakdale, MN, 55128","7191 10th Street North","Oakdale","MN","55128","Washington","651-739-3550","24 hours, 7 days a weekmon - fri: 8 am - 8 pmsat - sun: 9 am - 6 pm","https://www.cub.com/stores/view-store.1589.html","Cub Foods","2020-11-19","USA","Open","https://www.google.com/maps/dir/Current+Location/7191+10th+Street+North,+Oakdale,+MN,+55128,+USA/"
"1664","Cub Liquor - Stillwater","45.0379","-92.8406","1801 Market Drive, Stillwater, MN, 55082","1801 Market Drive","Stillwater","MN","55082","Washington","651-430-1713","mon - sat: 8 am - 10 pmsun: 11 am - 6 pm","https://www.cub.com/stores/view-store.1664.html","Cub Foods","2020-11-19","USA","Open","https://www.google.com/maps/dir/Current+Location/1801+Market+Drive,+Stillwater,+MN,+55082,+USA/"
"1564","Cub Liquor - Oakdale","44.9633","-92.96","7185 10th Street N, Oakdale, MN, 55128","7185 10th Street N","Oakdale","MN","55128","Washington","651-739-3570","mon - sat: 8 am - 10 pmsun: 11 am - 6 pm","https://www.cub.com/stores/view-store.1564.html","Cub Foods","2020-11-19","USA","Open","https://www.google.com/maps/dir/Current+Location/7185+10th+Street+N,+Oakdale,+MN,+55128,+USA/"
"1634","Cub - Forest Lake","45.2826","-93.0101","2013 Broadway Ave W, Forest Lake, MN, 55025","2013 Broadway Ave W","Forest Lake","MN","55025","Washington","651-982-4511","24 hours, 7 days a weekmon - fri: 9 am - 9 pmsat - sun: 9 am - 6 pm","https://www.cub.com/stores/view-store.1634.html","Cub Foods","2020-11-19","USA","Open","https://www.google.com/maps/dir/Current+Location/2013+Broadway+Ave+W,+Forest+Lake,+MN,+55025,+USA/"
"1613","Cub - Cottage Grove","44.8181","-92.9301","8690 E Point Douglas Rd, Cottage Grove, MN, 55016","8690 E Point Douglas Rd","Cottage Grove","MN","55016","Washington","651-459-7106","24 hours, 7 days a weekmon - fri: 9 am - 9 pmsat - sun: 9 am - 6 pm","https://www.cub.com/stores/view-store.1613.html","Cub Foods","2020-11-19","USA","Open","https://www.google.com/maps/dir/Current+Location/8690+E+Point+Douglas+Rd,+Cottage+Grove,+MN,+55016,+USA/"
"1001044","Cub - Buffalo","45.1708","-93.8597","1008 East Highway 55, Buffalo, MN, 55313","1008 East Highway 55","Buffalo","MN","55313","Wright","763-682-0100","6 am - midnight, 7 days a week","https://www.cub.com/stores/view-store.1001044.html","Cub Foods","2020-11-19","USA","Open","https://www.google.com/maps/dir/Current+Location/1008+East+Highway+55,+Buffalo,+MN,+55313,+USA/"
"1632","Cub - Monticello","45.3","-93.8009","216 7th Street West, Monticello, MN, 55362","216 7th Street West","Monticello","MN","55362","Wright","763-271-6800","24 hours, 7 days a weekmon - fri: 9 am - 9 pmsat - sun: 9 am - 6 pm","https://www.cub.com/stores/view-store.1632.html","Cub Foods","2020-11-19","USA","Open","https://www.google.com/maps/dir/Current+Location/216+7th+Street+West,+Monticello,+MN,+55362,+USA/"
"1003894","Cub Foods - St Michael","45.2104","-93.6487","900 Central Ave E, St Michael, MN, 55376","900 Central Ave E","St Michael","MN","55376","Wright","763-497-7069","6 am - midnight, 7 days a week","https://www.cub.com/stores/view-store.1003894.html","Cub Foods","2020-11-19","USA","Open","https://www.google.com/maps/dir/Current+Location/900+Central+Ave+E,+St+Michael,+MN,+55376,+USA/"
