en-US,4611 Maine Ave SE,,Rochester,United States,Olmsted,"4611 Maine Ave SE, Rochester, MN 55904-6929",NEC Hwy 63 & 48th St SE,43.954523,-92.464843,55904-6929,MN,T2321,2321,TRUE,,2007-10-10T12:00:00,SMN,Rochester South,12-hour,111,196,100,SuperTarget,CST,Central Std Time,UTC,-6,STR,(507) 206-5020,(507) 206-5030,7:00:00,FALSE,TRUE,7:00 a.m.-10:00 p.m.,22:00:00,7:00:00,FALSE,TRUE,7:00 a.m.-11:00 p.m.,23:00:00,7:00:00,FALSE,TRUE,7:00 a.m.-10:00 p.m.,22:00:00,"['Accepts WIC', 'Bakery', 'Beer Available', 'CVS pharmacy', 'Cafe-Pizza', 'Deli', 'Fresh Grocery', 'Mobile Kiosk', 'Optical', 'Photo Lab', 'Starbucks', 'Super Target']"
en-US,301 Park Dr,,Owatonna,United States,Steele,"301 Park Dr, Owatonna, MN 55060-5639",NWC Bridge St & St Johns Dr,44.086577,-93.249008,55060-5639,MN,T1068,1068,TRUE,2013-10-10T12:00:00,1997-03-05T12:00:00,SMN,Owatonna,12-hour,111,196,100,,CST,Central Std Time,UTC,-6,STR,(507) 451-1882,(507) 774-3007,8:00:00,FALSE,TRUE,8:00 a.m.-10:00 p.m.,22:00:00,8:00:00,FALSE,TRUE,8:00 a.m.-10:00 p.m.,22:00:00,8:00:00,FALSE,TRUE,8:00 a.m.-9:00 p.m.,21:00:00,"['Beer Available', 'CVS pharmacy', 'Starbucks']"
en-US,3827 Marketplace Dr NW,,Rochester,United States,Olmsted,"3827 Marketplace Dr NW, Rochester, MN 55901-3192",NWC US 52 & 37th St NW,44.063197,-92.502995,55901-3192,MN,T1351,1351,TRUE,2012-06-21T12:00:00,2001-07-25T12:00:00,SMN,Rochester,12-hour,111,196,100,SuperTarget,CST,Central Std Time,UTC,-6,STR,(507) 536-2555,(507) 226-9365,7:00:00,FALSE,TRUE,7:00 a.m.-11:00 p.m.,23:00:00,7:00:00,FALSE,TRUE,7:00 a.m.-11:00 p.m.,23:00:00,7:00:00,FALSE,TRUE,7:00 a.m.-11:00 p.m.,23:00:00,"['Accepts WIC', 'Bakery', 'Beer Available', 'CVS pharmacy', 'Cafe-Pizza', 'Deli', 'Fresh Grocery', 'Mobile Kiosk', 'Optical', 'Photo Lab', 'Starbucks', 'Super Target']"
en-US,1850 Adams St,,Mankato,United States,Blue Earth,"1850 Adams St, Mankato, MN 56001-4864",SWC Hwy 14 & Hwy 22,44.172924,-93.951425,56001-4864,MN,T0663,663,TRUE,2012-03-22T12:00:00,1991-07-24T12:00:00,SMN,Mankato,12-hour,111,196,100,,CST,Central Std Time,UTC,-6,STR,(507) 625-1011,,8:00:00,FALSE,TRUE,8:00 a.m.-10:00 p.m.,22:00:00,8:00:00,FALSE,TRUE,8:00 a.m.-11:00 p.m.,23:00:00,8:00:00,FALSE,TRUE,8:00 a.m.-10:00 p.m.,22:00:00,"['Accepts WIC', 'CVS pharmacy', 'Cafe-Pizza', 'Fresh Grocery', 'Mobile Kiosk']"
en-US,860 Mankato Ave,,Winona,United States,Winona,"860 Mankato Ave, Winona, MN 55987-4867",NEC Hwy 41 & Brudski St,44.031846,-91.620872,55987-4867,MN,T1096,1096,TRUE,2006-10-19T12:00:00,1997-10-08T12:00:00,SMN,Winona,12-hour,111,196,100,,CST,Central Std Time,UTC,-6,STR,(507) 452-7006,(507) 858-3235,8:00:00,FALSE,TRUE,8:00 a.m.-10:00 p.m.,22:00:00,8:00:00,FALSE,TRUE,8:00 a.m.-10:00 p.m.,22:00:00,8:00:00,FALSE,TRUE,8:00 a.m.-9:00 p.m.,21:00:00,"['CVS pharmacy', 'Cafe-Pizza', 'Mobile Kiosk', 'Photo Lab', 'Starbucks']"
en-US,2323 Highway 3 S,,Northfield,United States,Rice,"2323 Highway 3 S, Northfield, MN 55057-5172",NEC Hwy 3 & CR 1,44.43365,-93.186378,55057-5172,MN,T1211,1211,TRUE,2012-06-21T12:00:00,2000-10-04T12:00:00,BTC,Northfield,12-hour,111,196,100,,CST,Central Std Time,UTC,-6,STR,(507) 645-4777,(507) 403-4003,8:00:00,FALSE,TRUE,8:00 a.m.-10:00 p.m.,22:00:00,8:00:00,FALSE,TRUE,8:00 a.m.-10:00 p.m.,22:00:00,8:00:00,FALSE,TRUE,8:00 a.m.-10:00 p.m.,22:00:00,"['Accepts WIC', 'CVS pharmacy', 'Fresh Grocery', 'Mobile Kiosk', 'Photo Lab', 'Starbucks']"
en-US,151 Tyler Rd N,,Red Wing,United States,Goodhue,"151 Tyler Rd N, Red Wing, MN 55066-1865",NEC US 61 & Tyler Rd,44.568743,-92.582546,55066-1865,MN,T1522,1522,TRUE,2006-06-23T12:00:00,2003-03-02T12:00:00,SMN,Red Wing,12-hour,111,196,100,,CST,Central Std Time,UTC,-6,STR,(651) 388-7704,(651) 800-3002,8:00:00,FALSE,TRUE,8:00 a.m.-10:00 p.m.,22:00:00,8:00:00,FALSE,TRUE,8:00 a.m.-10:00 p.m.,22:00:00,8:00:00,FALSE,TRUE,8:00 a.m.-9:00 p.m.,21:00:00,"['CVS pharmacy', 'Mobile Kiosk', 'Photo Lab', 'Starbucks']"
en-US,18275 Kenrick Ave,,Lakeville,United States,Dakota,"18275 Kenrick Ave, Lakeville, MN 55044-7306",NEC I-35 & 185th St,44.683917,-93.291757,55044-7306,MN,T1484,1484,TRUE,,2002-10-09T12:00:00,RMP,Lakeville,12-hour,163,199,100,SuperTarget,CST,Central Std Time,UTC,-6,STR,(952) 892-5400,(612) 355-1020,7:00:00,FALSE,TRUE,7:00 a.m.-11:00 p.m.,23:00:00,7:00:00,FALSE,TRUE,7:00 a.m.-11:00 p.m.,23:00:00,7:00:00,FALSE,TRUE,7:00 a.m.-10:00 p.m.,22:00:00,"['Accepts WIC', 'Bakery', 'Beer Available', 'CVS pharmacy', 'Café', 'Deli', 'Drive Up', 'Fresh Grocery', 'MinuteClinic', 'Mobile Kiosk', 'Optical', 'Starbucks', 'Super Target']"
en-US,15560 Pilot Knob Rd,,Apple Valley,United States,Dakota,"15560 Pilot Knob Rd, Apple Valley, MN 55124-7286",NEC 160th St & Pilot Knob Rd,44.723307,-93.175355,55124-7286,MN,T2390,2390,TRUE,,2008-03-05T12:00:00,"['GTM', 'RMP']",Apple Valley South,12-hour,163,199,100,SuperTarget,CST,Central Std Time,UTC,-6,STR,(952) 236-3165,(952) 236-3175,7:00:00,FALSE,TRUE,7:00 a.m.-11:00 p.m.,23:00:00,7:00:00,FALSE,TRUE,7:00 a.m.-11:00 p.m.,23:00:00,7:00:00,FALSE,TRUE,7:00 a.m.-11:00 p.m.,23:00:00,"['Accepts WIC', 'Bakery', 'Beauty Concierge', 'Beer Available', 'CVS pharmacy', 'Cafe-Pizza', 'Deli', 'Drive Up', 'Fresh Grocery', 'MinuteClinic', 'Mobile Kiosk', 'Optical', 'Photo Lab', 'Starbucks', 'Super Target']"
en-US,15150 Cedar Ave,,Apple Valley,United States,Dakota,"15150 Cedar Ave, Apple Valley, MN 55124-7056",SEC Cedar Ave & 150th St,44.729898,-93.21455,55124-7056,MN,T0643,643,TRUE,2002-10-09T12:00:00,1990-09-26T12:00:00,ESF,Apple Valley,12-hour,163,199,100,SuperTarget,CST,Central Std Time,UTC,-6,STR,(952) 891-5500,(952) 891-5501,7:00:00,FALSE,TRUE,7:00 a.m.-11:00 p.m.,23:00:00,7:00:00,FALSE,TRUE,7:00 a.m.-11:00 p.m.,23:00:00,7:00:00,FALSE,TRUE,7:00 a.m.-10:00 p.m.,22:00:00,"['Accepts WIC', 'Bakery', 'Beer Available', 'CVS pharmacy', 'Cafe-Pizza', 'Deli', 'Drive Up', 'Fresh Grocery', 'Mobile Kiosk', 'Optical', 'Photo Lab', 'Starbucks', 'Super Target']"
en-US,810 County Road 42 W,,Burnsville,United States,Dakota,"810 County Road 42 W, Burnsville, MN 55337-4426",NWC CR 42 & Aldrich Ave S,44.748796,-93.288845,55337-4426,MN,T2340,2340,TRUE,2007-10-10T12:00:00,2007-10-10T12:00:00,RMP,Burnsville,12-hour,163,199,100,SuperTarget,CST,Central Std Time,UTC,-6,STR,(952) 236-3003,(952) 236-3013,7:00:00,FALSE,TRUE,7:00 a.m.-11:00 p.m.,23:00:00,7:00:00,FALSE,TRUE,7:00 a.m.-11:00 p.m.,23:00:00,7:00:00,FALSE,TRUE,7:00 a.m.-11:00 p.m.,23:00:00,"['Accepts WIC', 'Bakery', 'Beauty Concierge', 'Beer Available', 'CVS pharmacy', 'Cafe-Pizza', 'Deli', 'Drive Up', 'Fresh Grocery', 'In-Store Apple Store', 'MinuteClinic', 'Mobile Kiosk', 'Optical', 'Photo Lab', 'Starbucks', 'Super Target']"
en-US,14333 Hwy 13,,Savage,United States,Scott,"14333 Hwy 13, Savage, MN 55378-2153",SEC Hwy 13 & Cty Rd 42,44.743707,-93.377421,55378-2153,MN,T1833,1833,TRUE,2018-04-13T12:00:00,2003-10-08T12:00:00,RMP,Savage,12-hour,101,199,100,SuperTarget,CST,Central Std Time,UTC,-6,STR,(952) 226-1444,(763) 567-6220,7:00:00,FALSE,TRUE,7:00 a.m.-11:00 p.m.,23:00:00,7:00:00,FALSE,TRUE,7:00 a.m.-11:00 p.m.,23:00:00,7:00:00,FALSE,TRUE,7:00 a.m.-11:00 p.m.,23:00:00,"['Accepts WIC', 'Bakery', 'Beauty Concierge', 'Beer Available', 'CVS pharmacy', 'Deli', 'Drive Up', 'Fresh Grocery', 'Mobile Kiosk', 'Optical', 'Starbucks', 'Super Target']"
en-US,2000 Cliff Lake Rd,,Eagan,United States,Dakota,"2000 Cliff Lake Rd, Eagan, MN 55122-2400",NWC Cliff Rd & I-35E,44.791154,-93.205846,55122-2400,MN,T0360,360,TRUE,2010-09-09T12:00:00,1989-02-15T12:00:00,"['GTM', 'RMP']",Eagan,12-hour,163,199,100,,CST,Central Std Time,UTC,-6,STR,(651) 688-8706,(651) 234-2667,7:00:00,FALSE,TRUE,7:00 a.m.-10:00 p.m.,22:00:00,7:00:00,FALSE,TRUE,7:00 a.m.-11:00 p.m.,23:00:00,7:00:00,FALSE,TRUE,7:00 a.m.-10:00 p.m.,22:00:00,"['Accepts WIC', 'CVS pharmacy', 'Café', 'Drive Up', 'Fresh Grocery', 'Mobile Kiosk', 'Photo Lab']"
en-US,1685 17th Ave E,,Shakopee,United States,Scott,"1685 17th Ave E, Shakopee, MN 55379-4407",SEC US 169 & Marschall Rd,44.775657,-93.500873,55379-4407,MN,T1272,1272,TRUE,2010-07-22T12:00:00,2000-07-19T12:00:00,RMP,Shakopee,12-hour,101,199,100,,CST,Central Std Time,UTC,-6,STR,(952) 445-5332,(952) 277-5332,7:00:00,FALSE,TRUE,7:00 a.m.-10:00 p.m.,22:00:00,7:00:00,FALSE,TRUE,7:00 a.m.-11:00 p.m.,23:00:00,7:00:00,FALSE,TRUE,7:00 a.m.-10:00 p.m.,22:00:00,"['Accepts WIC', 'CVS pharmacy', 'Café', 'Drive Up', 'Fresh Grocery', 'Mobile Kiosk', 'Photo Lab']"
en-US,8655 E Point Douglas Rd S,,Cottage Grove,United States,Washington,"8655 E Point Douglas Rd S, Cottage Grove, MN 55016-4035",NEC Hwy 61 & Jamaica,44.81502,-92.931008,55016-4035,MN,T0662,662,TRUE,2010-07-22T12:00:00,1991-07-24T12:00:00,RMP,Cottage Grove,12-hour,102,199,100,,CST,Central Std Time,UTC,-6,STR,(651) 458-8179,(651) 234-4712,7:00:00,FALSE,TRUE,7:00 a.m.-10:00 p.m.,22:00:00,7:00:00,FALSE,TRUE,7:00 a.m.-10:00 p.m.,22:00:00,7:00:00,FALSE,TRUE,7:00 a.m.-9:00 p.m.,21:00:00,"['Accepts WIC', 'CVS pharmacy', 'Drive Up', 'Fresh Grocery', 'Mobile Kiosk', 'Photo Lab', 'Starbucks']"
en-US,7841 Amana Trail,,Inver Grove Heights,United States,Dakota,"7841 Amana Trail, Inver Grove Heights, MN 55077",NWC Hwy 55 & S Robert Trail,44.836017,-93.08777,55077,MN,T2519,2519,TRUE,,2012-07-25T12:00:00,RMP,Inver Grove Heights,12-hour,102,199,100,,CST,Central Std Time,UTC,-6,STR,(651) 234-2949,(651) 234-2959,7:00:00,FALSE,TRUE,7:00 a.m.-10:00 p.m.,22:00:00,7:00:00,FALSE,TRUE,7:00 a.m.-10:00 p.m.,22:00:00,7:00:00,FALSE,TRUE,7:00 a.m.-10:00 p.m.,22:00:00,"['Accepts WIC', 'CVS pharmacy', 'Cafe-Pizza', 'Drive Up', 'Fresh Grocery', 'MinuteClinic', 'Mobile Kiosk', 'Photo Lab', 'Starbucks']"
en-US,111 Pioneer Trl,,Chaska,United States,Carver,"111 Pioneer Trl, Chaska, MN 55318-1121",SEC State Rt 41 & Pioneer Trail,44.827056,-93.600506,55318-1121,MN,T1352,1352,TRUE,2016-09-22T12:00:00,2001-10-10T12:00:00,RMP,Chaska,12-hour,101,199,100,SuperTarget,CST,Central Std Time,UTC,-6,STR,(952) 361-3043,(952) 679-3189,7:00:00,FALSE,TRUE,7:00 a.m.-11:00 p.m.,23:00:00,7:00:00,FALSE,TRUE,7:00 a.m.-11:00 p.m.,23:00:00,7:00:00,FALSE,TRUE,7:00 a.m.-10:00 p.m.,22:00:00,"['Accepts WIC', 'Bakery', 'Beauty Concierge', 'CVS pharmacy', 'Cafe-Pizza', 'Deli', 'Drive Up', 'Fresh Grocery', 'MinuteClinic', 'Mobile Kiosk', 'Optical', 'Photo Lab', 'Starbucks', 'Super Target', 'Wine, Beer, & Spirits Available']"
en-US,2555 W 79th St,,Bloomington,United States,Hennepin,"2555 W 79th St, Bloomington, MN 55431-1250",NWC 80th & Penn,44.860029,-93.311579,55431-1250,MN,T0005,5,TRUE,2010-04-15T12:00:00,1965-10-14T12:00:00,RMP,Bloomington,12-hour,163,199,100,,CST,Central Std Time,UTC,-6,STR,(952) 888-7701,(952) 356-3920,7:00:00,FALSE,TRUE,7:00 a.m.-11:00 p.m.,23:00:00,7:00:00,FALSE,TRUE,7:00 a.m.-11:00 p.m.,23:00:00,7:00:00,FALSE,TRUE,7:00 a.m.-11:00 p.m.,23:00:00,"['Accepts WIC', 'CVS pharmacy', 'Cafe-Pizza', 'Drive Up', 'Fresh Grocery', 'Mobile Kiosk', 'Photo Lab', 'Starbucks']"
en-US,8225 Flying Cloud Dr,,Eden Prairie,United States,Hennepin,"8225 Flying Cloud Dr, Eden Prairie, MN 55344-5315",SEC I- 494 & Flying Cloud Dr,44.855701,-93.425342,55344-5315,MN,T0220,220,TRUE,2010-04-15T12:00:00,1984-10-10T12:00:00,,Eden Prairie,12-hour,101,199,100,,CST,Central Std Time,UTC,-6,STR,(952) 944-0700,(952) 356-3971,7:00:00,FALSE,TRUE,7:00 a.m.-11:00 p.m.,23:00:00,7:00:00,FALSE,TRUE,7:00 a.m.-11:00 p.m.,23:00:00,7:00:00,FALSE,TRUE,7:00 a.m.-10:00 p.m.,22:00:00,"['Accepts WIC', 'Beauty Concierge', 'CVS pharmacy', 'Cafe-Pizza', 'Drive Up', 'Fresh Grocery', 'MinuteClinic', 'Mobile Kiosk', 'Optical', 'Photo Lab']"
en-US,7000 York Ave S,,Edina,United States,Hennepin,"7000 York Ave S, Edina, MN 55435-4213",SWC 70th St & York Ave S,44.875472,-93.3236,55435-4213,MN,T2313,2313,TRUE,2007-10-10T12:00:00,2007-10-10T12:00:00,"['GTM', 'RMP']",Edina,12-hour,163,199,100,SuperTarget,CST,Central Std Time,UTC,-6,STR,(952) 925-4610,(952) 252-1760,7:00:00,FALSE,TRUE,7:00 a.m.-12:00 a.m.,0:00:00,7:00:00,FALSE,TRUE,7:00 a.m.-12:00 a.m.,0:00:00,7:00:00,FALSE,TRUE,7:00 a.m.-11:00 p.m.,23:00:00,"['Accepts WIC', 'Bakery', 'Beauty Concierge', 'CVS pharmacy', ""D'Amico & Sons Italian Kitchen"", 'Deli', 'Drive Up', 'Fresh Grocery', 'In-Store Apple Store', 'MinuteClinic', 'Mobile Kiosk', 'Optical', 'Photo Lab', 'Starbucks', 'Super Target']"
en-US,6445 Richfield Pkwy,,Richfield,United States,Hennepin,"6445 Richfield Pkwy, Richfield, MN 55423-6400",NWC Cedar Ave & 65th St,44.885484,-93.249402,55423-6400,MN,T2300,2300,TRUE,,2007-10-10T12:00:00,RMP,Richfield,12-hour,163,199,100,SuperTarget,CST,Central Std Time,UTC,-6,STR,(612) 252-0473,(612) 252-0483,7:00:00,FALSE,TRUE,7:00 a.m.-12:00 a.m.,0:00:00,7:00:00,FALSE,TRUE,7:00 a.m.-12:00 a.m.,0:00:00,7:00:00,FALSE,TRUE,7:00 a.m.-12:00 a.m.,0:00:00,"['Accepts WIC', 'Bakery', 'Beer Available', 'CVS pharmacy', 'Cafe-Pizza', 'Deli', 'Drive Up', 'Fresh Grocery', 'MinuteClinic', 'Mobile Kiosk', 'Optical', 'Photo Lab', 'Starbucks', 'Super Target']"
en-US,1750 Robert St S,,West St Paul,United States,Dakota,"1750 Robert St S, West St Paul, MN 55118-3919",SEC S Robert St & Lothenbach Ave,44.893758,-93.078516,55118-3919,MN,T2046,2046,TRUE,2005-10-05T12:00:00,2005-10-05T12:00:00,RMP,West St Paul,12-hour,102,199,100,SuperTarget,CST,Central Std Time,UTC,-6,STR,(651) 455-6671,(651) 457-4421,7:00:00,FALSE,TRUE,7:00 a.m.-11:00 p.m.,23:00:00,7:00:00,FALSE,TRUE,7:00 a.m.-12:00 a.m.,0:00:00,7:00:00,FALSE,TRUE,7:00 a.m.-11:00 p.m.,23:00:00,"['Bakery', 'Beer Available', 'CVS pharmacy', 'Cafe-Pizza', 'Deli', 'Drive Up', 'Fresh Grocery', 'MinuteClinic', 'Mobile Kiosk', 'Optical', 'Photo Lab', 'Starbucks', 'Super Target']"
en-US,851 W 78th St,,Chanhassen,United States,Carver,"851 W 78th St, Chanhassen, MN 55317-9579",NEC Hwy 5 & Powers Blvd,44.861783,-93.542683,55317-9579,MN,T0862,862,TRUE,2018-04-13T12:00:00,1993-10-06T12:00:00,RMP,Chanhassen,12-hour,101,199,100,,CST,Central Std Time,UTC,-6,STR,(952) 470-0206,(952) 277-0206,8:00:00,FALSE,TRUE,8:00 a.m.-10:00 p.m.,22:00:00,8:00:00,FALSE,TRUE,8:00 a.m.-10:00 p.m.,22:00:00,8:00:00,FALSE,TRUE,8:00 a.m.-10:00 p.m.,22:00:00,"['Accepts WIC', 'CVS pharmacy', 'Drive Up', 'Fresh Grocery', 'Mobile Kiosk', 'Optical', 'Starbucks']"
en-US,875 E Main St,,Waconia,United States,Carver,"875 E Main St, Waconia, MN 55387-1081",SEC Hwy 5 & Airport Rd,44.840873,-93.770344,55387-1081,MN,T2449,2449,TRUE,2010-03-11T12:00:00,2008-10-08T12:00:00,SMN,Waconia,12-hour,101,199,100,,CST,Central Std Time,UTC,-6,STR,(952) 442-9333,(952) 442-9342,7:00:00,FALSE,TRUE,7:00 a.m.-10:00 p.m.,22:00:00,7:00:00,FALSE,TRUE,7:00 a.m.-10:00 p.m.,22:00:00,7:00:00,FALSE,TRUE,7:00 a.m.-10:00 p.m.,22:00:00,"['Accepts WIC', 'CVS pharmacy', 'Cafe-Pizza', 'Drive Up', 'Fresh Grocery', 'MinuteClinic', 'Mobile Kiosk', 'Photo Lab', 'Starbucks']"
en-US,2080 Ford Pkwy,,Saint Paul,United States,Ramsey,"2080 Ford Pkwy, Saint Paul, MN 55116-1813",SWC Ford Parkway and Cleveland,44.917612,-93.188251,55116-1813,MN,T3204,3204,TRUE,,2015-07-22T12:00:00,,St. Paul Highland Park,12-hour,163,199,100,TargetExpress,CST,Central Std Time,UTC,-6,STR,(651) 605-3633,(651) 605-3643,7:00:00,FALSE,TRUE,7:00 a.m.-10:00 p.m.,22:00:00,7:00:00,FALSE,TRUE,7:00 a.m.-11:00 p.m.,23:00:00,8:00:00,FALSE,TRUE,8:00 a.m.-10:00 p.m.,22:00:00,"['CVS pharmacy', 'Fresh Grocery', 'Mobile Kiosk']"
en-US,7200 Valley Creek Plz,,Woodbury,United States,Washington,"7200 Valley Creek Plz, Woodbury, MN 55125-2265",NEC I-494 & Valley Creek Rd,44.926719,-92.959728,55125-2265,MN,T0694,694,TRUE,2010-09-09T12:00:00,1992-03-11T12:00:00,ESF,Woodbury,12-hour,102,199,100,,CST,Central Std Time,UTC,-6,STR,(651) 735-7083,(651) 234-4678,7:00:00,FALSE,TRUE,7:00 a.m.-11:00 p.m.,23:00:00,7:00:00,FALSE,TRUE,7:00 a.m.-11:00 p.m.,23:00:00,7:00:00,FALSE,TRUE,7:00 a.m.-10:00 p.m.,22:00:00,"['Accepts WIC', 'CVS pharmacy', 'Cafe-Pizza', 'Drive Up', 'Fresh Grocery', 'MinuteClinic', 'Mobile Kiosk', 'Starbucks']"
en-US,449 Commerce Dr,,Woodbury,United States,Washington,"449 Commerce Dr, Woodbury, MN 55125-4872",SWC Woodbury Dr & Commerce Dr,44.939486,-92.908822,55125-4872,MN,T2406,2406,TRUE,2018-04-13T12:00:00,2011-03-02T12:00:00,RMP,Woodbury East,12-hour,102,199,100,SuperTarget,CST,Central Std Time,UTC,-6,STR,(651) 239-1874,(651) 239-1884,7:00:00,FALSE,TRUE,7:00 a.m.-11:00 p.m.,23:00:00,7:00:00,FALSE,TRUE,7:00 a.m.-11:00 p.m.,23:00:00,7:00:00,FALSE,TRUE,7:00 a.m.-11:00 p.m.,23:00:00,"['Accepts WIC', 'Bakery', 'Beauty Concierge', 'CVS pharmacy', 'Deli', 'Drive Up', 'Fresh Grocery', 'MinuteClinic', 'Mobile Kiosk', 'Optical', 'Starbucks', 'Super Target']"
en-US,4848 County Road 101,,Minnetonka,United States,Hennepin,"4848 County Road 101, Minnetonka, MN 55345-2635",NWC Hwy 7 & Hwy 101,44.916909,-93.504896,55345-2635,MN,T1356,1356,TRUE,2015-10-14T12:00:00,2001-10-10T12:00:00,,Minnetonka,12-hour,101,199,100,SuperTarget,CST,Central Std Time,UTC,-6,STR,(952) 401-3830,(952) 356-3805,7:00:00,FALSE,TRUE,7:00 a.m.-11:00 p.m.,23:00:00,7:00:00,FALSE,TRUE,7:00 a.m.-11:00 p.m.,23:00:00,7:00:00,FALSE,TRUE,7:00 a.m.-10:00 p.m.,22:00:00,"['Accepts WIC', 'Bakery', 'Beauty Concierge', 'Beer Available', 'CVS pharmacy', 'Cafe-Pizza', 'Deli', 'Drive Up', 'Fresh Grocery', 'MinuteClinic', 'Mobile Kiosk', 'Optical', 'Photo Lab', 'Starbucks', 'Super Target']"
en-US,3601 Highway 100 S,,St Louis Park,United States,Hennepin,"3601 Highway 100 S, St Louis Park, MN 55416-2500",NEC S Hwy 100 & 36th St,44.936939,-93.346785,55416-2500,MN,T0260,260,TRUE,2017-04-13T12:00:00,1987-07-22T12:00:00,,St Louis Park,12-hour,101,199,100,,CST,Central Std Time,UTC,-6,STR,(952) 926-8855,(952) 356-3531,7:00:00,FALSE,TRUE,7:00 a.m.-11:00 p.m.,23:00:00,7:00:00,FALSE,TRUE,7:00 a.m.-11:00 p.m.,23:00:00,7:00:00,FALSE,TRUE,7:00 a.m.-10:00 p.m.,22:00:00,"['Accepts WIC', 'Beauty Concierge', 'CVS pharmacy', 'Drive Up', 'Fresh Grocery', 'Mobile Kiosk', 'Optical', 'Photo Lab', 'Starbucks']"
en-US,1744 Suburban Ave,,Saint Paul,United States,Ramsey,"1744 Suburban Ave, Saint Paul, MN 55106-6619",SWC I-94 & White Bear Ave,44.949601,-93.028418,55106-6619,MN,T0068,68,TRUE,2010-07-22T12:00:00,1978-10-29T12:00:00,RMP,East St Paul,12-hour,102,199,100,,CST,Central Std Time,UTC,-6,STR,(651) 778-1188,(651) 234-3094,7:00:00,FALSE,TRUE,7:00 a.m.-11:00 p.m.,23:00:00,7:00:00,FALSE,TRUE,7:00 a.m.-11:00 p.m.,23:00:00,7:00:00,FALSE,TRUE,7:00 a.m.-10:00 p.m.,22:00:00,"['Accepts WIC', 'CVS pharmacy', 'Drive Up', 'Fresh Grocery', 'Mobile Kiosk', 'Photo Lab', 'Starbucks']"
en-US,8900 Highway 7,,Minneapolis,United States,Hennepin,"8900 Highway 7, Minneapolis, MN 55426-3919",NEC US Hwy 169 & Hwy 7,44.935929,-93.392737,55426-3919,MN,T2189,2189,TRUE,2006-10-04T12:00:00,2006-10-04T12:00:00,RMP,Knollwood,12-hour,101,199,100,SuperTarget,CST,Central Std Time,UTC,-6,STR,(952) 935-6941,(952) 746-8395,7:00:00,FALSE,TRUE,7:00 a.m.-11:00 p.m.,23:00:00,7:00:00,FALSE,TRUE,7:00 a.m.-12:00 a.m.,0:00:00,7:00:00,FALSE,TRUE,7:00 a.m.-11:00 p.m.,23:00:00,"['Accepts WIC', 'Bakery', 'Beauty Concierge', 'CVS pharmacy', 'Deli', 'Drive Up', 'Fresh Grocery', 'In-Store Apple Store', 'MinuteClinic', 'Mobile Kiosk', 'Optical', 'Photo Lab', 'Starbucks', 'Super Target', 'Wine, Beer, & Spirits Available']"
en-US,2500 E Lake St,,Minneapolis,United States,Hennepin,"2500 E Lake St, Minneapolis, MN 55406-1909",NEC Hwy 55 & Lake St,44.949951,-93.236742,55406-1909,MN,T0052,52,TRUE,2010-03-11T12:00:00,1976-08-04T12:00:00,,Lake Street,12-hour,126,199,100,,CST,Central Std Time,UTC,-6,STR,(612) 721-5701,(612) 354-5259,7:00:00,FALSE,TRUE,7:00 a.m.-11:00 p.m.,23:00:00,7:00:00,FALSE,TRUE,7:00 a.m.-11:00 p.m.,23:00:00,7:00:00,FALSE,TRUE,7:00 a.m.-11:00 p.m.,23:00:00,"['CVS pharmacy', 'Cafe-Pizza', 'Drive Up', 'Fresh Grocery', 'Mobile Kiosk', 'Optical', 'Photo Lab', 'Starbucks']"
en-US,1300 University Ave W,,Saint Paul,United States,Ramsey,"1300 University Ave W, Saint Paul, MN 55104-4103",SEC University & Hamline,44.953491,-93.155753,55104-4103,MN,T2229,2229,TRUE,2017-07-06T12:00:00,2007-07-25T12:00:00,RMP,St Paul Midway,12-hour,102,199,100,SuperTarget,CST,Central Std Time,UTC,-6,STR,(651) 642-1146,(651) 255-4680,7:00:00,FALSE,TRUE,7:00 a.m.-12:00 a.m.,0:00:00,7:00:00,FALSE,TRUE,7:00 a.m.-12:00 a.m.,0:00:00,7:00:00,FALSE,TRUE,7:00 a.m.-12:00 a.m.,0:00:00,"['Accepts WIC', 'Bakery', 'Beauty Concierge', 'CVS pharmacy', 'Deli', 'Drive Up', 'Fresh Grocery', 'MinuteClinic', 'Mobile Kiosk', 'Optical', 'Photo Lab', 'Starbucks', 'Super Target', 'Wine, Beer, & Spirits Available']"
en-US,1300 W Lake St,,Minneapolis,United States,Hennepin,"1300 W Lake St, Minneapolis, MN 55408-2793",SWC W. Lake St & Fremont Ave S,44.948763,-93.296179,55408-2793,MN,T3239,3239,TRUE,,2017-10-18T12:00:00,,Minneapolis Uptown,12-hour,101,199,100,TargetExpress,CST,Central Std Time,UTC,-6,STR,(612) 607-5016,(612) 607-5026,7:00:00,FALSE,TRUE,7:00 a.m.-10:00 p.m.,22:00:00,8:00:00,FALSE,TRUE,8:00 a.m.-11:00 p.m.,23:00:00,8:00:00,FALSE,TRUE,8:00 a.m.-10:00 p.m.,22:00:00,"['CVS pharmacy', 'Fresh Grocery', 'Mobile Kiosk', 'Starbucks']"
en-US,900 Nicollet Mall,,Minneapolis,United States,Hennepin,"900 Nicollet Mall, Minneapolis, MN 55403-2530",SWC Nicollet Mall & 9th St S,44.975017,-93.274104,55403-2530,MN,T1375,1375,TRUE,2017-08-31T12:00:00,2001-10-10T12:00:00,RMP,Mpls Nicollet Mall,12-hour,126,199,100,,CST,Central Std Time,UTC,-6,STR,(612) 338-0085,(612) 354-5187,7:00:00,FALSE,TRUE,7:00 a.m.-10:00 p.m.,22:00:00,8:00:00,FALSE,TRUE,8:00 a.m.-10:00 p.m.,22:00:00,9:00:00,FALSE,TRUE,9:00 a.m.-9:00 p.m.,21:00:00,"['Accepts WIC', 'Beauty Concierge', 'CVS pharmacy', 'Fresh Grocery', 'In-Store Apple Store', 'MinuteClinic', 'Mobile Kiosk', 'Optical', 'Photo Lab', 'Starbucks', 'Wine, Beer, & Spirits Available']"
en-US,1329 5th St SE,,Minneapolis,United States,Hennepin,"1329 5th St SE, Minneapolis, MN 55414-1390",NWC 14th Ave SE & SE 5th St,44.981616,-93.235075,55414-1390,MN,T3200,3200,TRUE,,2014-07-23T12:00:00,RG1,Minneapolis Dinkytown,12-hour,126,199,100,TargetExpress,CST,Central Std Time,UTC,-6,STR,(612) 355-3857,(612) 355-3867,7:00:00,FALSE,TRUE,7:00 a.m.-11:00 p.m.,23:00:00,8:00:00,FALSE,TRUE,8:00 a.m.-11:00 p.m.,23:00:00,8:00:00,FALSE,TRUE,8:00 a.m.-11:00 p.m.,23:00:00,"['Beauty Concierge', 'Beer Available', 'CVS pharmacy', 'Fresh Grocery', 'Mobile Kiosk']"
en-US,13201 Ridgedale Dr,,Minnetonka,United States,Hennepin,"13201 Ridgedale Dr, Minnetonka, MN 55305-1809",SWC Plymouth & Hwy 12,44.970157,-93.447411,55305-1809,MN,T0100,100,TRUE,2008-09-15T12:00:00,1981-02-25T12:00:00,SMN,Ridgedale,12-hour,101,199,100,,CST,Central Std Time,UTC,-6,STR,(952) 542-8250,(952) 356-3940,7:00:00,FALSE,TRUE,7:00 a.m.-11:00 p.m.,23:00:00,7:00:00,FALSE,TRUE,7:00 a.m.-11:00 p.m.,23:00:00,7:00:00,FALSE,TRUE,7:00 a.m.-11:00 p.m.,23:00:00,"['Accepts WIC', 'Beauty Concierge', 'CVS pharmacy', 'Cafe-Pizza', 'Drive Up', 'Fresh Grocery', 'MinuteClinic', 'Mobile Kiosk', 'Photo Lab', 'Starbucks']"
en-US,7900 32nd St N,,Oakdale,United States,Washington,"7900 32nd St N, Oakdale, MN 55128-4054",SEC I-694 & Hwy 5,44.996899,-92.945956,55128-4054,MN,T2135,2135,TRUE,2010-03-11T12:00:00,2006-07-19T12:00:00,RMP,Oakdale,12-hour,126,199,100,,CST,Central Std Time,UTC,-6,STR,(651) 855-0990,(651) 234-2631,7:00:00,FALSE,TRUE,7:00 a.m.-10:00 p.m.,22:00:00,7:00:00,FALSE,TRUE,7:00 a.m.-10:00 p.m.,22:00:00,7:00:00,FALSE,TRUE,7:00 a.m.-10:00 p.m.,22:00:00,"['Accepts WIC', 'CVS pharmacy', 'Cafe-Pizza', 'Drive Up', 'Fresh Grocery', 'Mobile Kiosk', 'Photo Lab', 'Starbucks']"
en-US,1650 New Brighton Blvd,,Minneapolis,United States,Hennepin,"1650 New Brighton Blvd, Minneapolis, MN 55413-1643",NWC I-35W & Hwy 88,45.004814,-93.229932,55413-1643,MN,T1095,1095,TRUE,2010-07-22T12:00:00,1997-10-08T12:00:00,GTM,Minneapolis NE,12-hour,126,199,100,,CST,Central Std Time,UTC,-6,STR,(612) 781-7033,(612) 354-5280,7:00:00,FALSE,TRUE,7:00 a.m.-11:00 p.m.,23:00:00,7:00:00,FALSE,TRUE,7:00 a.m.-12:00 a.m.,0:00:00,7:00:00,FALSE,TRUE,7:00 a.m.-11:00 p.m.,23:00:00,"['Accepts WIC', 'Beauty Concierge', 'CVS pharmacy', 'Drive Up', 'Fresh Grocery', 'MinuteClinic', 'Mobile Kiosk', 'Photo Lab', 'Starbucks']"
en-US,1515 County Road B W,,Roseville,United States,Ramsey,"1515 County Road B W, Roseville, MN 55113-6005",SEC Hwy 36 & Snelling Ave,45.007659,-93.163733,55113-6005,MN,T2101,2101,TRUE,2016-10-06T12:00:00,2005-10-05T12:00:00,RMP,Roseville T1,12-hour,126,199,100,SuperTarget,CST,Central Std Time,UTC,-6,STR,(651) 631-0330,(651) 234-2611,7:00:00,FALSE,TRUE,7:00 a.m.-12:00 a.m.,0:00:00,7:00:00,FALSE,TRUE,7:00 a.m.-12:00 a.m.,0:00:00,7:00:00,FALSE,TRUE,7:00 a.m.-11:00 p.m.,23:00:00,"['Accepts WIC', 'Bakery', 'Beauty Concierge', 'Beer Available', 'CVS pharmacy', 'Cafe-Pizza', 'Deli', 'Drive Up', 'Fresh Grocery', 'MinuteClinic', 'Mobile Kiosk', 'Optical', 'Photo Lab', 'Starbucks', 'Super Target']"
en-US,2199 Hwy 36 E,,North Saint Paul,United States,Ramsey,"2199 Hwy 36 E, North Saint Paul, MN 55109-2215",NWC Hwy 36 & McKnight,45.013767,-93.009068,55109-2215,MN,T1185,1185,TRUE,2010-07-22T12:00:00,1999-03-03T12:00:00,RMP,North St Paul,12-hour,126,199,100,,CST,Central Std Time,UTC,-6,STR,(651) 779-5986,(651) 234-4733,7:00:00,FALSE,TRUE,7:00 a.m.-11:00 p.m.,23:00:00,7:00:00,FALSE,TRUE,7:00 a.m.-11:00 p.m.,23:00:00,7:00:00,FALSE,TRUE,7:00 a.m.-10:00 p.m.,22:00:00,"['Accepts WIC', 'CVS pharmacy', 'Cafe-Pizza', 'Drive Up', 'Fresh Grocery', 'MinuteClinic', 'Mobile Kiosk']"
en-US,2021 Market Dr,,Stillwater,United States,Washington,"2021 Market Dr, Stillwater, MN 55082-7546",NEC Hwy 5 & Hwy 36,45.037686,-92.838689,55082-7546,MN,T0931,931,TRUE,2010-07-22T12:00:00,1994-10-05T12:00:00,SMN,Stillwater,12-hour,102,199,100,,CST,Central Std Time,UTC,-6,STR,(651) 439-0292,(651) 472-8061,7:00:00,FALSE,TRUE,7:00 a.m.-10:00 p.m.,22:00:00,7:00:00,FALSE,TRUE,7:00 a.m.-10:00 p.m.,22:00:00,7:00:00,FALSE,TRUE,7:00 a.m.-10:00 p.m.,22:00:00,"['Accepts WIC', 'CVS pharmacy', 'Café', 'Drive Up', 'Fresh Grocery', 'Mobile Kiosk', 'Photo Lab', 'Starbucks']"
en-US,4175 Vinewood Ln N,,Plymouth,United States,Hennepin,"4175 Vinewood Ln N, Plymouth, MN 55442-2624",NEC Co Rd 9 & I-494,45.031424,-93.450801,55442-2624,MN,T0664,664,TRUE,2011-07-21T12:00:00,1991-10-09T12:00:00,RMP,Plymouth,12-hour,131,199,100,SuperTarget,CST,Central Std Time,UTC,-6,STR,(763) 553-0302,(763) 354-1581,7:00:00,FALSE,TRUE,7:00 a.m.-11:00 p.m.,23:00:00,7:00:00,FALSE,TRUE,7:00 a.m.-12:00 a.m.,0:00:00,7:00:00,FALSE,TRUE,7:00 a.m.-11:00 p.m.,23:00:00,"['Accepts WIC', 'Bakery', 'Beauty Concierge', 'CVS pharmacy', 'Cafe-Pizza', 'Deli', 'Drive Up', 'Fresh Grocery', 'Mobile Kiosk', 'Optical', 'Photo Lab', 'Starbucks', 'Super Target', 'Wine, Beer, & Spirits Available']"
en-US,975 County Road E,,Vadnais Heights,United States,Ramsey,"975 County Road E, Vadnais Heights, MN 55127-7114",NWC I-35E & CR E,45.052235,-93.060696,55127-7114,MN,T0751,751,TRUE,2010-09-09T12:00:00,1997-07-23T12:00:00,RMP,Vadnais Heights,12-hour,126,199,100,,CST,Central Std Time,UTC,-6,STR,(651) 483-9637,(651) 234-4691,7:00:00,FALSE,TRUE,7:00 a.m.-10:00 p.m.,22:00:00,7:00:00,FALSE,TRUE,7:00 a.m.-11:00 p.m.,23:00:00,7:00:00,FALSE,TRUE,7:00 a.m.-10:00 p.m.,22:00:00,"['Accepts WIC', 'CVS pharmacy', 'Drive Up', 'Fresh Grocery', 'Mobile Kiosk', 'Photo Lab', 'Starbucks']"
en-US,3800 Lexington Ave N,,Shoreview,United States,Ramsey,"3800 Lexington Ave N, Shoreview, MN 55126-2916",SEC Lexington & I-694,45.056743,-93.144848,55126-2916,MN,T0619,619,TRUE,2012-06-21T12:00:00,1991-10-09T12:00:00,RMP,Shoreview,12-hour,126,199,100,SuperTarget,CST,Central Std Time,UTC,-6,STR,(651) 486-0048,(651) 234-3012,7:00:00,FALSE,TRUE,7:00 a.m.-11:00 p.m.,23:00:00,7:00:00,FALSE,TRUE,7:00 a.m.-11:00 p.m.,23:00:00,7:00:00,FALSE,TRUE,7:00 a.m.-11:00 p.m.,23:00:00,"['Accepts WIC', 'Bakery', 'Beauty Concierge', 'CVS pharmacy', 'Cafe-Pizza', 'Deli', 'Drive Up', 'Fresh Grocery', 'MinuteClinic', 'Mobile Kiosk', 'Optical', 'Photo Lab', 'Starbucks', 'Super Target', 'Wine, Beer, & Spirits Available']"
en-US,5537 W Broadway Ave,,Crystal,United States,Hennepin,"5537 W Broadway Ave, Crystal, MN 55428-3507",SWC Broadway & Bass Lake Rd,45.052732,-93.365555,55428-3507,MN,T0003,3,TRUE,2010-04-15T12:00:00,1962-09-04T12:00:00,RMP,Crystal,12-hour,131,199,100,,CST,Central Std Time,UTC,-6,STR,(763) 533-2231,(763) 252-2003,8:00:00,FALSE,TRUE,8:00 a.m.-11:00 p.m.,23:00:00,8:00:00,FALSE,TRUE,8:00 a.m.-11:00 p.m.,23:00:00,8:00:00,FALSE,TRUE,8:00 a.m.-10:00 p.m.,22:00:00,"['Accepts WIC', 'CVS pharmacy', 'Cafe-Pizza', 'Drive Up', 'Fresh Grocery', 'Mobile Kiosk', 'Photo Lab', 'Starbucks']"
en-US,755 53rd Ave NE,,Fridley,United States,Anoka,"755 53rd Ave NE, Fridley, MN 55421-1240",SWC I-694 & Hwy 65,45.0659,-93.2512,55421-1240,MN,T2200,2200,TRUE,2006-10-04T12:00:00,2006-10-04T12:00:00,RMP,Fridley,12-hour,126,199,100,SuperTarget,CST,Central Std Time,UTC,-6,STR,(763) 852-0003,(763) 852-0085,7:00:00,FALSE,TRUE,7:00 a.m.-11:00 p.m.,23:00:00,7:00:00,FALSE,TRUE,7:00 a.m.-12:00 a.m.,0:00:00,7:00:00,FALSE,TRUE,7:00 a.m.-11:00 p.m.,23:00:00,"['Accepts WIC', 'Bakery', 'Beauty Concierge', 'Beer Available', 'CVS pharmacy', 'Cafe-Pizza', 'Deli', 'Drive Up', 'Fresh Grocery', 'MinuteClinic', 'Mobile Kiosk', 'Optical', 'Photo Lab', 'Starbucks', 'Super Target']"
en-US,300 Clydesdale Trl,,Medina,United States,Hennepin,"300 Clydesdale Trl, Medina, MN 55340-4538",NWC Hwy 55 & Hwy 101,45.045408,-93.529583,55340-4538,MN,T2223,2223,TRUE,2009-05-29T12:00:00,2006-10-04T12:00:00,,Medina,12-hour,131,199,100,,CST,Central Std Time,UTC,-6,STR,(763) 852-0006,(763) 516-9615,7:00:00,FALSE,TRUE,7:00 a.m.-10:00 p.m.,22:00:00,7:00:00,FALSE,TRUE,7:00 a.m.-10:00 p.m.,22:00:00,7:00:00,FALSE,TRUE,7:00 a.m.-10:00 p.m.,22:00:00,"['Accepts WIC', 'CVS pharmacy', 'Cafe-Pizza', 'Drive Up', 'Fresh Grocery', 'In-Store Apple Store', 'Mobile Kiosk', 'Starbucks']"
en-US,6100 Shingle Creek Pkwy,,Brooklyn Center,United States,Hennepin,"6100 Shingle Creek Pkwy, Brooklyn Center, MN 55430-2110",SWC Hwy 100 & I-94,45.065669,-93.307622,55430-2110,MN,T0240,240,TRUE,2010-09-09T12:00:00,1986-07-23T12:00:00,RMP,Brooklyn Center,12-hour,131,199,100,,CST,Central Std Time,UTC,-6,STR,(763) 566-0739,(763) 354-1602,8:00:00,FALSE,TRUE,8:00 a.m.-10:00 p.m.,22:00:00,8:00:00,FALSE,TRUE,8:00 a.m.-10:00 p.m.,22:00:00,8:00:00,FALSE,TRUE,8:00 a.m.-10:00 p.m.,22:00:00,"['Accepts WIC', 'CVS pharmacy', 'Café', 'Drive Up', 'Fresh Grocery', 'Mobile Kiosk', 'Photo Lab']"
en-US,1370 Highway 15 S,,Hutchinson,United States,McLeod,"1370 Highway 15 S, Hutchinson, MN 55350-3801",SWC Rte 15 & Denver Ave SW,44.868546,-94.377826,55350-3801,MN,T1210,1210,TRUE,2004-07-25T12:00:00,1999-10-06T12:00:00,SMN,Hutchinson,12-hour,131,199,100,,CST,Central Std Time,UTC,-6,STR,(320) 587-7113,,7:00:00,FALSE,TRUE,7:00 a.m.-10:00 p.m.,22:00:00,7:00:00,FALSE,TRUE,7:00 a.m.-10:00 p.m.,22:00:00,7:00:00,FALSE,TRUE,7:00 a.m.-9:00 p.m.,21:00:00,"['CVS pharmacy', 'Café', 'Photo Lab', 'Starbucks']"
en-US,7535 W Broadway Ave,,Brooklyn Park,United States,Hennepin,"7535 W Broadway Ave, Brooklyn Park, MN 55428-1287",SWC Broadway & 77th Blvd,45.091081,-93.377936,55428-1287,MN,T0693,693,TRUE,2010-04-15T12:00:00,1992-03-11T12:00:00,RMP,Brooklyn Park,12-hour,131,199,100,,CST,Central Std Time,UTC,-6,STR,(763) 425-5400,(763) 898-5527,8:00:00,FALSE,TRUE,8:00 a.m.-10:00 p.m.,22:00:00,8:00:00,FALSE,TRUE,8:00 a.m.-10:00 p.m.,22:00:00,8:00:00,FALSE,TRUE,8:00 a.m.-10:00 p.m.,22:00:00,"['Accepts WIC', 'CVS pharmacy', 'Café', 'Drive Up', 'Fresh Grocery', 'Mobile Kiosk', 'Photo Lab', 'Starbucks']"
en-US,8600 Springbrook Dr NW,,Coon Rapids,United States,Anoka,"8600 Springbrook Dr NW, Coon Rapids, MN 55433-6033",NWC 85th & University Ave,45.126821,-93.268746,55433-6033,MN,T0820,820,TRUE,2010-09-09T12:00:00,1992-07-22T12:00:00,RMP,Northtown,12-hour,124,199,100,,CST,Central Std Time,UTC,-6,STR,(763) 785-0322,(763) 354-1120,7:00:00,FALSE,TRUE,7:00 a.m.-10:00 p.m.,22:00:00,7:00:00,FALSE,TRUE,7:00 a.m.-10:00 p.m.,22:00:00,7:00:00,FALSE,TRUE,7:00 a.m.-9:00 p.m.,21:00:00,"['Accepts WIC', 'CVS pharmacy', 'Cafe-Pizza', 'Drive Up', 'Fresh Grocery', 'Photo Lab', 'Starbucks']"
en-US,15300 Grove Circle N,,Maple Grove,United States,Hennepin,"15300 Grove Circle N, Maple Grove, MN 55369-4469",SEC 101st Ave N & Ranchview Ln,45.136208,-93.474429,55369-4469,MN,T2193,2193,TRUE,2007-10-10T12:00:00,2007-10-10T12:00:00,RMP,Maple Grove North,12-hour,131,199,100,SuperTarget,CST,Central Std Time,UTC,-6,STR,(763) 447-2506,(763) 447-2516,7:00:00,FALSE,TRUE,7:00 a.m.-11:00 p.m.,23:00:00,7:00:00,FALSE,TRUE,7:00 a.m.-11:00 p.m.,23:00:00,7:00:00,FALSE,TRUE,7:00 a.m.-10:00 p.m.,22:00:00,"['Accepts WIC', 'Bakery', 'Beauty Concierge', 'Beer Available', 'CVS pharmacy', ""D'Amico & Sons Italian Kitchen"", 'Deli', 'Drive Up', 'Fresh Grocery', 'MinuteClinic', 'Mobile Kiosk', 'Optical', 'Photo Lab', 'Starbucks', 'Super Target']"
en-US,1500 109th Ave NE,,Blaine,United States,Anoka,"1500 109th Ave NE, Blaine, MN 55449-4670",SEC Central Ave & 109th Ave,45.165672,-93.232421,55449-4670,MN,T1832,1832,TRUE,2012-06-21T12:00:00,2003-10-08T12:00:00,RMP,Blaine,12-hour,124,199,100,SuperTarget,CST,Central Std Time,UTC,-6,STR,(763) 354-1000,(763) 354-1283,7:00:00,FALSE,TRUE,7:00 a.m.-11:00 p.m.,23:00:00,7:00:00,FALSE,TRUE,7:00 a.m.-12:00 a.m.,0:00:00,7:00:00,FALSE,TRUE,7:00 a.m.-11:00 p.m.,23:00:00,"['Accepts WIC', 'Bakery', 'Beauty Concierge', 'Beer Available', 'CVS pharmacy', 'Cafe-Pizza', 'Deli', 'Drive Up', 'Fresh Grocery', 'MinuteClinic', 'Mobile Kiosk', 'Optical', 'Photo Lab', 'Starbucks', 'Super Target']"
en-US,749 Apollo Dr,,Lino Lakes,United States,Anoka,"749 Apollo Dr, Lino Lakes, MN 55014-3035",NEC I-35 & Hwy 23/49,45.184494,-93.104546,55014-3035,MN,T1448,1448,TRUE,2018-04-13T12:00:00,2002-07-24T12:00:00,ESF,Lino Lakes,12-hour,124,199,100,SuperTarget,CST,Central Std Time,UTC,-6,STR,(651) 784-7601,(651) 784-3530,7:00:00,FALSE,TRUE,7:00 a.m.-10:00 p.m.,22:00:00,7:00:00,FALSE,TRUE,7:00 a.m.-11:00 p.m.,23:00:00,7:00:00,FALSE,TRUE,7:00 a.m.-10:00 p.m.,22:00:00,"['Accepts WIC', 'Bakery', 'CVS pharmacy', 'Deli', 'Drive Up', 'Fresh Grocery', 'Mobile Kiosk', 'Optical', 'Starbucks', 'Super Target', 'Wine, Beer, & Spirits Available']"
en-US,11990 Business Park Blvd N,,Champlin,United States,Hennepin,"11990 Business Park Blvd N, Champlin, MN 55316-2005",SEC US 169 & 120th Ave,45.172343,-93.388483,55316-2005,MN,T1831,1831,TRUE,,2003-10-08T12:00:00,RMP,Champlin,12-hour,124,199,100,SuperTarget,CST,Central Std Time,UTC,-6,STR,(763) 354-1006,(763) 354-1525,7:00:00,FALSE,TRUE,7:00 a.m.-11:00 p.m.,23:00:00,7:00:00,FALSE,TRUE,7:00 a.m.-11:00 p.m.,23:00:00,7:00:00,FALSE,TRUE,7:00 a.m.-10:00 p.m.,22:00:00,"['Accepts WIC', 'Bakery', 'Beer Available', 'CVS pharmacy', 'Cafe-Pizza', 'Deli', 'Drive Up', 'Fresh Grocery', 'Mobile Kiosk', 'Optical', 'Photo Lab', 'Starbucks', 'Super Target']"
en-US,3300 124th Ave NW,,Coon Rapids,United States,Anoka,"3300 124th Ave NW, Coon Rapids, MN 55433-3805",SEC Round Lake Blvd & Main St,45.194942,-93.350366,55433-3805,MN,T1144,1144,TRUE,2010-07-22T12:00:00,1998-10-07T12:00:00,,Coon Rapids,12-hour,124,199,100,,CST,Central Std Time,UTC,-6,STR,(763) 323-2931,(763) 354-1633,7:00:00,FALSE,TRUE,7:00 a.m.-11:00 p.m.,23:00:00,7:00:00,FALSE,TRUE,7:00 a.m.-11:00 p.m.,23:00:00,7:00:00,FALSE,TRUE,7:00 a.m.-10:00 p.m.,22:00:00,"['Accepts WIC', 'CVS pharmacy', 'Cafe-Pizza', 'Drive Up', 'Fresh Grocery', 'Mobile Kiosk', 'Photo Lab', 'Starbucks']"
en-US,2000 Bunker Lake Blvd NW,,Andover,United States,Anoka,"2000 Bunker Lake Blvd NW, Andover, MN 55304-4014",SWC Bunker Lake Blvd & Martin St,45.217556,-93.315988,55304-4014,MN,T2025,2025,TRUE,2012-10-11T12:00:00,2005-03-02T12:00:00,SMN,Andover,12-hour,124,199,100,,CST,Central Std Time,UTC,-6,STR,(763) 852-0113,(763) 354-1508,7:00:00,FALSE,TRUE,7:00 a.m.-10:00 p.m.,22:00:00,7:00:00,FALSE,TRUE,7:00 a.m.-10:00 p.m.,22:00:00,7:00:00,FALSE,TRUE,7:00 a.m.-9:00 p.m.,21:00:00,"['CVS pharmacy', 'Cafe-Pizza', 'Drive Up', 'Mobile Kiosk', 'Photo Lab', 'Starbucks']"
en-US,21615 S Diamond Lake Rd,,Rogers,United States,Hennepin,"21615 S Diamond Lake Rd, Rogers, MN 55374-8893",NWC I-94 & Hwy 101,45.19775,-93.554631,55374-8893,MN,T1456,1456,TRUE,,2002-07-24T12:00:00,RMP,Rogers,12-hour,124,199,100,SuperTarget,CST,Central Std Time,UTC,-6,STR,(763) 428-1394,(763) 898-5507,7:00:00,FALSE,TRUE,7:00 a.m.-10:00 p.m.,22:00:00,7:00:00,FALSE,TRUE,7:00 a.m.-11:00 p.m.,23:00:00,7:00:00,FALSE,TRUE,7:00 a.m.-10:00 p.m.,22:00:00,"['Accepts WIC', 'Bakery', 'Beer Available', 'CVS pharmacy', 'Café', 'Deli', 'Drive Up', 'Fresh Grocery', 'Mobile Kiosk', 'Optical', 'Photo Lab', 'Starbucks', 'Super Target']"
en-US,1300 State Highway 55 NE,,Buffalo,United States,Wright,"1300 State Highway 55 NE, Buffalo, MN 55313-4321",SEC Hwy 55E & CSAH # 34,45.164304,-93.855592,55313-4321,MN,T0861,861,TRUE,2010-09-09T12:00:00,1993-10-06T12:00:00,SMN,Buffalo,12-hour,131,199,100,,CST,Central Std Time,UTC,-6,STR,(763) 682-4996,(763) 354-1560,7:00:00,FALSE,TRUE,7:00 a.m.-10:00 p.m.,22:00:00,7:00:00,FALSE,TRUE,7:00 a.m.-10:00 p.m.,22:00:00,7:00:00,FALSE,TRUE,7:00 a.m.-9:00 p.m.,21:00:00,"['Accepts WIC', 'CVS pharmacy', 'Cafe-Pizza', 'Drive Up', 'Fresh Grocery', 'Mobile Kiosk', 'Photo Lab', 'Starbucks']"
en-US,356 12th St SW,,Forest Lake,United States,Washington,"356 12th St SW, Forest Lake, MN 55025-1749",SWC 12th St & 3rd Ave SW,45.274286,-93.000051,55025-1749,MN,T1244,1244,TRUE,2010-07-22T12:00:00,2000-03-01T12:00:00,RMP,Forest Lake,12-hour,124,199,100,,CST,Central Std Time,UTC,-6,STR,(651) 464-4700,(651) 234-3180,7:00:00,FALSE,TRUE,7:00 a.m.-10:00 p.m.,22:00:00,7:00:00,FALSE,TRUE,7:00 a.m.-10:00 p.m.,22:00:00,7:00:00,FALSE,TRUE,7:00 a.m.-10:00 p.m.,22:00:00,"['Accepts WIC', 'CVS pharmacy', 'Café', 'Fresh Grocery', 'Mobile Kiosk', 'Optical', 'Photo Lab', 'Starbucks']"
en-US,15800 87th St NE,,Otsego,United States,Wright,"15800 87th St NE, Otsego, MN 55330-6546",SEC 88th St NE & Parrish Ave NE,45.278232,-93.563492,55330-6546,MN,T2456,2456,TRUE,2008-10-08T12:00:00,2008-10-08T12:00:00,SMN,Otsego,12-hour,124,199,100,SuperTarget,CST,Central Std Time,UTC,-6,STR,(763) 252-1315,(763) 252-1325,7:00:00,FALSE,TRUE,7:00 a.m.-10:00 p.m.,22:00:00,7:00:00,FALSE,TRUE,7:00 a.m.-11:00 p.m.,23:00:00,7:00:00,FALSE,TRUE,7:00 a.m.-10:00 p.m.,22:00:00,"['Accepts WIC', 'Bakery', 'CVS pharmacy', 'Cafe-Pizza', 'Deli', 'Drive Up', 'Fresh Grocery', 'MinuteClinic', 'Mobile Kiosk', 'Optical', 'Photo Lab', 'Starbucks', 'Super Target', 'Wine, Beer, & Spirits Available']"
en-US,1447 E 7th St,,Monticello,United States,Wright,"1447 E 7th St, Monticello, MN 55362-4666",NWC I-94 & Fenning Ave NE,45.293475,-93.772811,55362-4666,MN,T2180,2180,TRUE,,2007-03-07T12:00:00,SMN,Monticello,12-hour,114,199,100,SuperTarget,CST,Central Std Time,UTC,-6,STR,(763) 271-1100,,7:00:00,FALSE,TRUE,7:00 a.m.-10:00 p.m.,22:00:00,7:00:00,FALSE,TRUE,7:00 a.m.-11:00 p.m.,23:00:00,7:00:00,FALSE,TRUE,7:00 a.m.-10:00 p.m.,22:00:00,"['Accepts WIC', 'Bakery', 'Beer Available', 'CVS pharmacy', 'Cafe-Pizza', 'Deli', 'Drive Up', 'Fresh Grocery', 'Mobile Kiosk', 'Optical', 'Photo Lab', 'Starbucks', 'Super Target']"
en-US,2505 1st St S,,Willmar,United States,Kandiyohi,"2505 1st St S, Willmar, MN 56201-4215",SEC 19th Ave & 1st St,45.09785,-95.041362,56201-4215,MN,T0661,661,TRUE,2006-07-14T12:00:00,1991-07-24T12:00:00,SMN,Willmar,12-hour,131,199,100,,CST,Central Std Time,UTC,-6,STR,(320) 235-0916,,7:00:00,FALSE,TRUE,7:00 a.m.-10:00 p.m.,22:00:00,7:00:00,FALSE,TRUE,7:00 a.m.-10:00 p.m.,22:00:00,7:00:00,FALSE,TRUE,7:00 a.m.-9:00 p.m.,21:00:00,"['CVS pharmacy', 'Café', 'Mobile Kiosk', 'Photo Lab']"
en-US,215 Balsam St N,,Cambridge,United States,Isanti,"215 Balsam St N, Cambridge, MN 55008-5814",NEC Hwy 95 & CR 34,45.574245,-93.200224,55008-5814,MN,T1303,1303,TRUE,2011-10-06T12:00:00,2000-10-04T12:00:00,SMN,Cambridge,12-hour,124,199,100,,CST,Central Std Time,UTC,-6,STR,(763) 689-3858,(763) 237-3416,8:00:00,FALSE,TRUE,8:00 a.m.-10:00 p.m.,22:00:00,8:00:00,FALSE,TRUE,8:00 a.m.-10:00 p.m.,22:00:00,8:00:00,FALSE,TRUE,8:00 a.m.-9:00 p.m.,21:00:00,"['Accepts WIC', 'CVS pharmacy', 'Café', 'Drive Up', 'Fresh Grocery', 'Mobile Kiosk', 'Optical', 'Photo Lab']"
en-US,125 Lincoln Ave SE,,Saint Cloud,United States,Benton,"125 Lincoln Ave SE, Saint Cloud, MN 56304-0823",SWC Rte 23/15 & Lincoln,45.565472,-94.145193,56304-0823,MN,T0930,930,TRUE,2010-07-22T12:00:00,1994-10-05T12:00:00,SMN,St Cloud East,12-hour,114,199,100,,CST,Central Std Time,UTC,-6,STR,(320) 654-0096,(320) 345-9724,7:00:00,FALSE,TRUE,7:00 a.m.-10:00 p.m.,22:00:00,7:00:00,FALSE,TRUE,7:00 a.m.-10:00 p.m.,22:00:00,7:00:00,FALSE,TRUE,7:00 a.m.-10:00 p.m.,22:00:00,"['Accepts WIC', 'CVS pharmacy', 'Café', 'Fresh Grocery', 'Mobile Kiosk', 'Starbucks']"
en-US,4201 W Division St,,Saint Cloud,United States,Stearns,"4201 W Division St, Saint Cloud, MN 56301-6601",NEC Division St & Park Ave,45.556925,-94.208528,56301-6601,MN,T0215,215,TRUE,2010-07-22T12:00:00,1985-07-24T12:00:00,BTC,St Cloud,12-hour,114,199,100,,CST,Central Std Time,UTC,-6,STR,(320) 253-4740,(320) 345-9704,8:00:00,FALSE,TRUE,8:00 a.m.-11:00 p.m.,23:00:00,8:00:00,FALSE,TRUE,8:00 a.m.-11:00 p.m.,23:00:00,8:00:00,FALSE,TRUE,8:00 a.m.-10:00 p.m.,22:00:00,"['Accepts WIC', 'CVS pharmacy', 'Café', 'Fresh Grocery', 'Mobile Kiosk', 'Photo Lab', 'Starbucks']"
en-US,4404 Highway 29 S,,Alexandria,United States,Douglas,"4404 Highway 29 S, Alexandria, MN 56308-2915",NWC I-94 & Hwy 29,45.850045,-95.389931,56308-2915,MN,T0821,821,TRUE,2012-03-22T12:00:00,1992-07-22T12:00:00,SMN,Alexandria,12-hour,114,199,100,,CST,Central Std Time,UTC,-6,STR,(320) 763-6661,,7:00:00,FALSE,TRUE,7:00 a.m.-10:00 p.m.,22:00:00,7:00:00,FALSE,TRUE,7:00 a.m.-10:00 p.m.,22:00:00,7:00:00,FALSE,TRUE,7:00 a.m.-9:00 p.m.,21:00:00,"['Accepts WIC', 'CVS pharmacy', 'Fresh Grocery', 'Mobile Kiosk', 'Photo Lab', 'Starbucks']"
en-US,14546 Dellwood Dr N,,Baxter,United States,Crow Wing,"14546 Dellwood Dr N, Baxter, MN 56425-9744",NEC Hwy 371 & Design Dr,46.362996,-94.241828,56425-9744,MN,T0659,659,TRUE,2011-06-02T12:00:00,1991-07-24T12:00:00,SMN,Brainerd,12-hour,114,199,100,,CST,Central Std Time,UTC,-6,STR,(218) 828-3535,,7:00:00,FALSE,TRUE,7:00 a.m.-10:00 p.m.,22:00:00,7:00:00,FALSE,TRUE,7:00 a.m.-10:00 p.m.,22:00:00,7:00:00,FALSE,TRUE,7:00 a.m.-9:00 p.m.,21:00:00,"['Accepts WIC', 'CVS pharmacy', 'Fresh Grocery', 'Mobile Kiosk', 'Photo Lab', 'Starbucks']"
en-US,1902 Miller Trunk Hwy,,Duluth,United States,St. Louis,"1902 Miller Trunk Hwy, Duluth, MN 55811-1810",SEC Hwy 53 & Burning Tree Rd,46.808391,-92.16745,55811-1810,MN,T0004,4,TRUE,2009-07-09T12:00:00,1962-10-08T12:00:00,SMN,Duluth,12-hour,114,199,100,,CST,Central Std Time,UTC,-6,STR,(218) 727-8851,(218) 213-9524,8:00:00,FALSE,TRUE,8:00 a.m.-11:00 p.m.,23:00:00,8:00:00,FALSE,TRUE,8:00 a.m.-11:00 p.m.,23:00:00,8:00:00,FALSE,TRUE,8:00 a.m.-10:00 p.m.,22:00:00,"['Accepts WIC', 'CVS pharmacy', 'Cafe-Pizza', 'Fresh Grocery', 'Mobile Kiosk', 'Optical', 'Photo Lab', 'Starbucks']"
en-US,3301 Highway 10 E,,Moorhead,United States,Clay,"3301 Highway 10 E, Moorhead, MN 56560-2516",SWC US 10 E Moorhead & 32nd St,46.875702,-96.728311,56560-2516,MN,T0658,658,TRUE,2018-04-13T12:00:00,1991-07-24T12:00:00,SMN,Moorhead,12-hour,143,197,100,,CST,Central Std Time,UTC,-6,STR,(218) 233-2326,(218) 331-3041,8:00:00,FALSE,TRUE,8:00 a.m.-10:00 p.m.,22:00:00,8:00:00,FALSE,TRUE,8:00 a.m.-10:00 p.m.,22:00:00,8:00:00,FALSE,TRUE,8:00 a.m.-10:00 p.m.,22:00:00,"['Accepts WIC', 'CVS pharmacy', 'Fresh Grocery', 'Mobile Kiosk', 'Starbucks']"
en-US,1001 13th St S,,Virginia,United States,St. Louis,"1001 13th St S, Virginia, MN 55792-3254",NEC 12th Ave & Hwy 53,47.510808,-92.549759,55792-3254,MN,T0847,847,TRUE,2011-06-02T12:00:00,1993-07-21T12:00:00,SMN,Virginia,12-hour,114,199,100,,CST,Central Std Time,UTC,-6,STR,(218) 741-7104,(218) 305-3129,7:00:00,FALSE,TRUE,7:00 a.m.-10:00 p.m.,22:00:00,7:00:00,FALSE,TRUE,7:00 a.m.-10:00 p.m.,22:00:00,7:00:00,FALSE,TRUE,7:00 a.m.-9:00 p.m.,21:00:00,"['Accepts WIC', 'CVS pharmacy', 'Cafe-Pizza', 'Fresh Grocery', 'Mobile Kiosk', 'Photo Lab', 'Starbucks']"
en-US,2140 S Pokegama Ave,PO Box 5124,Grand Rapids,United States,Itasca,"2140 S Pokegama Ave, Grand Rapids, MN 55744-5124",SEC SPokegama & 21st St NE,47.209549,-93.527193,55744-5124,MN,T0904,904,TRUE,2007-10-18T12:00:00,1994-07-20T12:00:00,SMN,Grand Rapids,12-hour,114,199,100,,CST,Central Std Time,UTC,-6,STR,(218) 326-3011,(218) 328-3043,8:00:00,FALSE,TRUE,8:00 a.m.-10:00 p.m.,22:00:00,8:00:00,FALSE,TRUE,8:00 a.m.-10:00 p.m.,22:00:00,8:00:00,FALSE,TRUE,8:00 a.m.-9:00 p.m.,21:00:00,"['CVS pharmacy', 'Cafe-Pizza', 'Mobile Kiosk', 'Photo Lab', 'Starbucks']"
en-US,2100 Paul Bunyan Dr NW,,Bemidji,United States,Beltrami,"2100 Paul Bunyan Dr NW, Bemidji, MN 56601-5645",SEC Mdl Scl A & Paul Bunyan Dr,47.493679,-94.910564,56601-5645,MN,T0657,657,TRUE,2012-06-21T12:00:00,1991-10-09T12:00:00,SMN,Bemidji,12-hour,114,199,100,,CST,Central Std Time,UTC,-6,STR,(218) 759-0820,,7:00:00,FALSE,TRUE,7:00 a.m.-10:00 p.m.,22:00:00,7:00:00,FALSE,TRUE,7:00 a.m.-10:00 p.m.,22:00:00,8:00:00,FALSE,TRUE,8:00 a.m.-10:00 p.m.,22:00:00,"['Accepts WIC', 'CVS pharmacy', 'Fresh Grocery', 'Mobile Kiosk', 'Photo Lab', 'Starbucks']"
